[0m23:32:33.551272 [debug] [MainThread]: Sending event: {'category': 'dbt', 'action': 'invocation', 'label': 'start', 'context': [<snowplow_tracker.self_describing_json.SelfDescribingJson object at 0x1093d1d30>, <snowplow_tracker.self_describing_json.SelfDescribingJson object at 0x10abb39d0>, <snowplow_tracker.self_describing_json.SelfDescribingJson object at 0x10abb3d90>]}


============================== 23:32:33.554886 | 1139e428-e253-4db8-973a-9ecd1d685800 ==============================
[0m23:32:33.554886 [info ] [MainThread]: Running with dbt=1.11.11
[0m23:32:33.555213 [debug] [MainThread]: running dbt with arguments {'use_experimental_parser': 'False', 'introspect': 'True', 'profiles_dir': '/Users/taitai/Thesis_MS/healthcare-privacy-ml/dbt', 'quiet': 'False', 'write_json': 'True', 'debug': 'False', 'warn_error': 'None', 'use_colors': 'True', 'log_format': 'default', 'no_print': 'None', 'warn_error_options': 'WarnErrorOptionsV2(error=[], warn=[], silence=[])', 'invocation_command': 'dbt debug', 'cache_selected_only': 'False', 'fail_fast': 'False', 'version_check': 'True', 'log_cache_events': 'False', 'partial_parse': 'True', 'log_path': '/Users/taitai/Thesis_MS/healthcare-privacy-ml/dbt/logs', 'target_path': 'None', 'static_parser': 'True', 'send_anonymous_usage_stats': 'True', 'printer_width': '80', 'indirect_selection': 'eager', 'empty': 'None'}
[0m23:32:33.568002 [info ] [MainThread]: dbt version: 1.11.11
[0m23:32:33.568256 [info ] [MainThread]: python version: 3.13.0
[0m23:32:33.568395 [info ] [MainThread]: python path: /Users/taitai/Thesis_MS/healthcare-privacy-ml/.venv/bin/python
[0m23:32:33.568528 [info ] [MainThread]: os info: macOS-14.6.1-arm64-arm-64bit-Mach-O
[0m23:32:46.661209 [info ] [MainThread]: Using profiles dir at /Users/taitai/Thesis_MS/healthcare-privacy-ml/dbt
[0m23:32:46.661825 [info ] [MainThread]: Using profiles.yml file at /Users/taitai/Thesis_MS/healthcare-privacy-ml/dbt/profiles.yml
[0m23:32:46.661981 [info ] [MainThread]: Using dbt_project.yml file at /Users/taitai/Thesis_MS/healthcare-privacy-ml/dbt/dbt_project.yml
[0m23:32:46.662124 [info ] [MainThread]: adapter type: bigquery
[0m23:32:46.662252 [info ] [MainThread]: adapter version: 1.11.1
[0m23:32:46.753432 [info ] [MainThread]: Configuration:
[0m23:32:46.753746 [info ] [MainThread]:   profiles.yml file [[32mOK found and valid[0m]
[0m23:32:46.753898 [info ] [MainThread]:   dbt_project.yml file [[32mOK found and valid[0m]
[0m23:32:46.754029 [info ] [MainThread]: Required dependencies:
[0m23:32:46.754237 [debug] [MainThread]: Executing "git --help"
[0m23:32:46.782326 [debug] [MainThread]: STDOUT: "b"usage: git [-v | --version] [-h | --help] [-C <path>] [-c <name>=<value>]\n           [--exec-path[=<path>]] [--html-path] [--man-path] [--info-path]\n           [-p | --paginate | -P | --no-pager] [--no-replace-objects] [--bare]\n           [--git-dir=<path>] [--work-tree=<path>] [--namespace=<name>]\n           [--super-prefix=<path>] [--config-env=<name>=<envvar>]\n           <command> [<args>]\n\nThese are common Git commands used in various situations:\n\nstart a working area (see also: git help tutorial)\n   clone     Clone a repository into a new directory\n   init      Create an empty Git repository or reinitialize an existing one\n\nwork on the current change (see also: git help everyday)\n   add       Add file contents to the index\n   mv        Move or rename a file, a directory, or a symlink\n   restore   Restore working tree files\n   rm        Remove files from the working tree and from the index\n\nexamine the history and state (see also: git help revisions)\n   bisect    Use binary search to find the commit that introduced a bug\n   diff      Show changes between commits, commit and working tree, etc\n   grep      Print lines matching a pattern\n   log       Show commit logs\n   show      Show various types of objects\n   status    Show the working tree status\n\ngrow, mark and tweak your common history\n   branch    List, create, or delete branches\n   commit    Record changes to the repository\n   merge     Join two or more development histories together\n   rebase    Reapply commits on top of another base tip\n   reset     Reset current HEAD to the specified state\n   switch    Switch branches\n   tag       Create, list, delete or verify a tag object signed with GPG\n\ncollaborate (see also: git help workflows)\n   fetch     Download objects and refs from another repository\n   pull      Fetch from and integrate with another repository or a local branch\n   push      Update remote refs along with associated objects\n\n'git help -a' and 'git help -g' list available subcommands and some\nconcept guides. See 'git help <command>' or 'git help <concept>'\nto read about a specific subcommand or concept.\nSee 'git help git' for an overview of the system.\n""
[0m23:32:46.783656 [debug] [MainThread]: STDERR: "b''"
[0m23:32:46.783866 [info ] [MainThread]:  - git [[32mOK found[0m]

[0m23:32:46.784029 [info ] [MainThread]: Connection:
[0m23:32:46.784222 [info ] [MainThread]:   method: oauth
[0m23:32:46.784356 [info ] [MainThread]:   database: project-c29d8542-a733-449a-996
[0m23:32:46.784482 [info ] [MainThread]:   execution_project: project-c29d8542-a733-449a-996
[0m23:32:46.784600 [info ] [MainThread]:   schema: capstone_final_dataset
[0m23:32:46.784730 [info ] [MainThread]:   location: US
[0m23:32:46.784844 [info ] [MainThread]:   priority: None
[0m23:32:46.784960 [info ] [MainThread]:   maximum_bytes_billed: None
[0m23:32:46.785073 [info ] [MainThread]:   impersonate_service_account: None
[0m23:32:46.785189 [info ] [MainThread]:   job_retry_deadline_seconds: None
[0m23:32:46.785301 [info ] [MainThread]:   job_retries: 1
[0m23:32:46.785412 [info ] [MainThread]:   job_creation_timeout_seconds: None
[0m23:32:46.785523 [info ] [MainThread]:   job_execution_timeout_seconds: 300
[0m23:32:46.785634 [info ] [MainThread]:   timeout_seconds: 300
[0m23:32:46.785746 [info ] [MainThread]:   client_id: None
[0m23:32:46.785855 [info ] [MainThread]:   token_uri: None
[0m23:32:46.785963 [info ] [MainThread]:   compute_region: None
[0m23:32:46.786074 [info ] [MainThread]:   dataproc_cluster_name: None
[0m23:32:46.786181 [info ] [MainThread]:   gcs_bucket: None
[0m23:32:46.786287 [info ] [MainThread]:   dataproc_batch: None
[0m23:32:46.786739 [info ] [MainThread]: Registered adapter: bigquery=1.11.1
[0m23:32:46.988033 [debug] [MainThread]: Acquiring new bigquery connection 'debug'
[0m23:32:46.988398 [debug] [MainThread]: On debug: select 1 as id
[0m23:32:46.988630 [debug] [MainThread]: Opening a new connection, currently in state init
[0m23:32:48.545787 [debug] [MainThread]: BigQuery adapter: https://console.cloud.google.com/bigquery?project=project-c29d8542-a733-449a-996&j=bq:US:7da08fdb-dbba-4d1b-b223-9b710629834f&page=queryresults
[0m23:32:48.812144 [debug] [MainThread]: SQL status: OK in 0.265 seconds
[0m23:32:49.172513 [info ] [MainThread]:   Connection test: [[32mOK connection ok[0m]

[0m23:32:49.173290 [info ] [MainThread]: [32mAll checks passed![0m
[0m23:32:49.178308 [debug] [MainThread]: Resource report: {"command_name": "debug", "command_success": true, "command_wall_clock_time": 15.6739, "process_in_blocks": "0", "process_kernel_time": 0.472975, "process_mem_max_rss": "176078848", "process_out_blocks": "0", "process_user_time": 1.525882}
[0m23:32:49.179362 [debug] [MainThread]: Command `dbt debug` succeeded at 23:32:49.179117 after 15.68 seconds
[0m23:32:49.179991 [debug] [MainThread]: Connection 'debug' was properly closed.
[0m23:32:49.180852 [debug] [MainThread]: Sending event: {'category': 'dbt', 'action': 'invocation', 'label': 'end', 'context': [<snowplow_tracker.self_describing_json.SelfDescribingJson object at 0x12b844c30>, <snowplow_tracker.self_describing_json.SelfDescribingJson object at 0x12b827e30>, <snowplow_tracker.self_describing_json.SelfDescribingJson object at 0x12b6109e0>]}
[0m23:32:49.181537 [debug] [MainThread]: Flushing usage events
[0m23:32:49.317381 [debug] [MainThread]: An error was encountered while trying to flush usage events
[0m23:33:12.324663 [debug] [MainThread]: Sending event: {'category': 'dbt', 'action': 'invocation', 'label': 'start', 'context': [<snowplow_tracker.self_describing_json.SelfDescribingJson object at 0x106245d30>, <snowplow_tracker.self_describing_json.SelfDescribingJson object at 0x1073e7750>, <snowplow_tracker.self_describing_json.SelfDescribingJson object at 0x1073e7890>]}


============================== 23:33:12.328024 | b641886b-3e62-42d7-a950-ad077a23aec4 ==============================
[0m23:33:12.328024 [info ] [MainThread]: Running with dbt=1.11.11
[0m23:33:12.328364 [debug] [MainThread]: running dbt with arguments {'write_json': 'True', 'empty': 'False', 'debug': 'False', 'cache_selected_only': 'False', 'log_cache_events': 'False', 'use_experimental_parser': 'False', 'profiles_dir': '/Users/taitai/Thesis_MS/healthcare-privacy-ml/dbt', 'warn_error': 'None', 'partial_parse': 'True', 'fail_fast': 'False', 'warn_error_options': 'WarnErrorOptionsV2(error=[], warn=[], silence=[])', 'printer_width': '80', 'invocation_command': 'dbt run', 'target_path': 'None', 'indirect_selection': 'eager', 'no_print': 'None', 'use_colors': 'True', 'static_parser': 'True', 'introspect': 'True', 'version_check': 'True', 'log_format': 'default', 'log_path': '/Users/taitai/Thesis_MS/healthcare-privacy-ml/dbt/logs', 'send_anonymous_usage_stats': 'True', 'quiet': 'False'}
[0m23:33:14.137605 [debug] [MainThread]: Sending event: {'category': 'dbt', 'action': 'project_id', 'label': 'b641886b-3e62-42d7-a950-ad077a23aec4', 'context': [<snowplow_tracker.self_describing_json.SelfDescribingJson object at 0x106704fc0>]}
[0m23:33:14.167852 [debug] [MainThread]: Sending event: {'category': 'dbt', 'action': 'adapter_info', 'label': 'b641886b-3e62-42d7-a950-ad077a23aec4', 'context': [<snowplow_tracker.self_describing_json.SelfDescribingJson object at 0x13ad0fbd0>]}
[0m23:33:14.168259 [info ] [MainThread]: Registered adapter: bigquery=1.11.1
[0m23:33:14.250010 [debug] [MainThread]: checksum: 30a8cc8fdcbf66701b0944d4ccce3fa46dd04b61e5df68b9f16d57b2e0e3f0be, vars: {}, profile: , target: , version: 1.11.11
[0m23:33:14.250479 [info ] [MainThread]: Unable to do partial parsing because saved manifest not found. Starting full parse.
[0m23:33:14.250673 [debug] [MainThread]: Sending event: {'category': 'dbt', 'action': 'partial_parser', 'label': 'b641886b-3e62-42d7-a950-ad077a23aec4', 'context': [<snowplow_tracker.self_describing_json.SelfDescribingJson object at 0x13ad4fc50>]}
[0m23:33:14.834236 [warn ] [MainThread]: [[33mWARNING[0m][MissingArgumentsPropertyInGenericTestDeprecation]: Deprecated
functionality
Found top-level arguments to test `accepted_values` defined on 'stg_admissions'
in package 'mimic_privacy' (models/schema.yml). Arguments to generic tests
should be nested under the `arguments` property.
[0m23:33:14.834539 [debug] [MainThread]: Sending event: {'category': 'dbt', 'action': 'deprecation', 'label': 'b641886b-3e62-42d7-a950-ad077a23aec4', 'property_': 'warn', 'context': [<snowplow_tracker.self_describing_json.SelfDescribingJson object at 0x13e008230>]}
[0m23:33:14.973138 [debug] [MainThread]: Sending event: {'category': 'dbt', 'action': 'load_project', 'label': 'b641886b-3e62-42d7-a950-ad077a23aec4', 'context': [<snowplow_tracker.self_describing_json.SelfDescribingJson object at 0x13e586510>]}
[0m23:33:15.026043 [debug] [MainThread]: Wrote artifact WritableManifest to /Users/taitai/Thesis_MS/healthcare-privacy-ml/dbt/target/manifest.json
[0m23:33:15.027533 [debug] [MainThread]: Wrote artifact SemanticManifest to /Users/taitai/Thesis_MS/healthcare-privacy-ml/dbt/target/semantic_manifest.json
[0m23:33:15.039666 [debug] [MainThread]: Sending event: {'category': 'dbt', 'action': 'resource_counts', 'label': 'b641886b-3e62-42d7-a950-ad077a23aec4', 'context': [<snowplow_tracker.self_describing_json.SelfDescribingJson object at 0x13df8cbb0>]}
[0m23:33:15.039951 [info ] [MainThread]: Found 4 models, 28 data tests, 1 source, 549 macros
[0m23:33:15.040132 [debug] [MainThread]: Sending event: {'category': 'dbt', 'action': 'runnable_timing', 'label': 'b641886b-3e62-42d7-a950-ad077a23aec4', 'context': [<snowplow_tracker.self_describing_json.SelfDescribingJson object at 0x13e5be510>]}
[0m23:33:15.041350 [info ] [MainThread]: 
[0m23:33:15.041531 [info ] [MainThread]: Concurrency: 4 threads (target='dev')
[0m23:33:15.041663 [info ] [MainThread]: 
[0m23:33:15.041917 [debug] [MainThread]: Acquiring new bigquery connection 'master'
[0m23:33:15.043890 [debug] [ThreadPool]: Acquiring new bigquery connection 'list_project-c29d8542-a733-449a-996'
[0m23:33:15.044148 [debug] [ThreadPool]: Acquiring new bigquery connection 'list_project-c29d8542-a733-449a-996'
[0m23:33:15.044314 [debug] [ThreadPool]: Opening a new connection, currently in state init
[0m23:33:15.044514 [debug] [ThreadPool]: Opening a new connection, currently in state init
[0m23:33:16.166134 [debug] [ThreadPool]: Re-using an available connection from the pool (formerly list_project-c29d8542-a733-449a-996, now create_project-c29d8542-a733-449a-996_capstone_final_dataset_marts)
[0m23:33:16.166825 [debug] [ThreadPool]: Re-using an available connection from the pool (formerly list_project-c29d8542-a733-449a-996, now create_project-c29d8542-a733-449a-996_capstone_final_dataset_staging)
[0m23:33:16.167373 [debug] [ThreadPool]: Creating schema "database: "project-c29d8542-a733-449a-996"
schema: "capstone_final_dataset_marts"
"
[0m23:33:16.167800 [debug] [ThreadPool]: Creating schema "database: "project-c29d8542-a733-449a-996"
schema: "capstone_final_dataset_staging"
"
[0m23:33:16.178678 [debug] [ThreadPool]: On create_project-c29d8542-a733-449a-996_capstone_final_dataset_marts: /* {"app": "dbt", "dbt_version": "1.11.11", "profile_name": "mimic_privacy", "target_name": "dev", "connection_name": "create_project-c29d8542-a733-449a-996_capstone_final_dataset_marts"} */
create schema if not exists `project-c29d8542-a733-449a-996`.`capstone_final_dataset_marts`
  
[0m23:33:16.180301 [debug] [ThreadPool]: On create_project-c29d8542-a733-449a-996_capstone_final_dataset_staging: /* {"app": "dbt", "dbt_version": "1.11.11", "profile_name": "mimic_privacy", "target_name": "dev", "connection_name": "create_project-c29d8542-a733-449a-996_capstone_final_dataset_staging"} */
create schema if not exists `project-c29d8542-a733-449a-996`.`capstone_final_dataset_staging`
  
[0m23:33:16.180714 [debug] [ThreadPool]: Opening a new connection, currently in state closed
[0m23:33:16.180986 [debug] [ThreadPool]: Opening a new connection, currently in state closed
[0m23:33:16.716437 [debug] [ThreadPool]: BigQuery adapter: https://console.cloud.google.com/bigquery?project=project-c29d8542-a733-449a-996&j=bq:US:8f3ee0b8-3b71-4e07-9081-7abd175f71d8&page=queryresults
[0m23:33:16.720003 [debug] [ThreadPool]: BigQuery adapter: https://console.cloud.google.com/bigquery?project=project-c29d8542-a733-449a-996&j=bq:US:abfdaa6a-2e69-410c-9f88-5fcd6c71bf35&page=queryresults
[0m23:33:17.592095 [debug] [ThreadPool]: SQL status: OK in 0.875 seconds
[0m23:33:17.633919 [debug] [ThreadPool]: SQL status: OK in 0.913 seconds
[0m23:33:17.656178 [debug] [ThreadPool]: Re-using an available connection from the pool (formerly create_project-c29d8542-a733-449a-996_capstone_final_dataset_staging, now list_project-c29d8542-a733-449a-996_capstone_final_dataset_marts)
[0m23:33:17.656539 [debug] [ThreadPool]: Opening a new connection, currently in state closed
[0m23:33:17.656806 [debug] [ThreadPool]: Re-using an available connection from the pool (formerly create_project-c29d8542-a733-449a-996_capstone_final_dataset_marts, now list_project-c29d8542-a733-449a-996_capstone_final_dataset_staging)
[0m23:33:17.657362 [debug] [ThreadPool]: Opening a new connection, currently in state closed
[0m23:33:18.154868 [debug] [MainThread]: Sending event: {'category': 'dbt', 'action': 'runnable_timing', 'label': 'b641886b-3e62-42d7-a950-ad077a23aec4', 'context': [<snowplow_tracker.self_describing_json.SelfDescribingJson object at 0x13e6b0e10>]}
[0m23:33:18.156038 [debug] [MainThread]: Opening a new connection, currently in state init
[0m23:33:18.161298 [debug] [Thread-2 (]: Began running node model.mimic_privacy.stg_diagnoses
[0m23:33:18.161994 [debug] [Thread-3 (]: Began running node model.mimic_privacy.stg_lab_features
[0m23:33:18.162579 [debug] [Thread-1 (]: Began running node model.mimic_privacy.stg_admissions
[0m23:33:18.163329 [info ] [Thread-2 (]: 2 of 4 START sql view model capstone_final_dataset_staging.stg_diagnoses ....... [RUN]
[0m23:33:18.164198 [info ] [Thread-3 (]: 3 of 4 START sql view model capstone_final_dataset_staging.stg_lab_features .... [RUN]
[0m23:33:18.164980 [info ] [Thread-1 (]: 1 of 4 START sql view model capstone_final_dataset_staging.stg_admissions ...... [RUN]
[0m23:33:18.165620 [debug] [Thread-2 (]: Re-using an available connection from the pool (formerly list_project-c29d8542-a733-449a-996_capstone_final_dataset_staging, now model.mimic_privacy.stg_diagnoses)
[0m23:33:18.166239 [debug] [Thread-3 (]: Acquiring new bigquery connection 'model.mimic_privacy.stg_lab_features'
[0m23:33:18.166625 [debug] [Thread-1 (]: Re-using an available connection from the pool (formerly list_project-c29d8542-a733-449a-996_capstone_final_dataset_marts, now model.mimic_privacy.stg_admissions)
[0m23:33:18.167032 [debug] [Thread-2 (]: Began compiling node model.mimic_privacy.stg_diagnoses
[0m23:33:18.167406 [debug] [Thread-3 (]: Began compiling node model.mimic_privacy.stg_lab_features
[0m23:33:18.167798 [debug] [Thread-1 (]: Began compiling node model.mimic_privacy.stg_admissions
[0m23:33:18.178300 [debug] [Thread-2 (]: Writing injected SQL for node "model.mimic_privacy.stg_diagnoses"
[0m23:33:18.181996 [debug] [Thread-3 (]: Writing injected SQL for node "model.mimic_privacy.stg_lab_features"
[0m23:33:18.185443 [debug] [Thread-1 (]: Writing injected SQL for node "model.mimic_privacy.stg_admissions"
[0m23:33:18.186810 [debug] [Thread-1 (]: Began executing node model.mimic_privacy.stg_admissions
[0m23:33:18.187206 [debug] [Thread-3 (]: Began executing node model.mimic_privacy.stg_lab_features
[0m23:33:18.187535 [debug] [Thread-2 (]: Began executing node model.mimic_privacy.stg_diagnoses
[0m23:33:18.215201 [debug] [Thread-3 (]: Writing runtime sql for node "model.mimic_privacy.stg_lab_features"
[0m23:33:18.217021 [debug] [Thread-1 (]: Writing runtime sql for node "model.mimic_privacy.stg_admissions"
[0m23:33:18.218662 [debug] [Thread-2 (]: Writing runtime sql for node "model.mimic_privacy.stg_diagnoses"
[0m23:33:18.219605 [debug] [Thread-3 (]: On model.mimic_privacy.stg_lab_features: /* {"app": "dbt", "dbt_version": "1.11.11", "profile_name": "mimic_privacy", "target_name": "dev", "node_id": "model.mimic_privacy.stg_lab_features"} */


  create or replace view `project-c29d8542-a733-449a-996`.`capstone_final_dataset_staging`.`stg_lab_features`
  OPTIONS()
  as -- stg_lab_features.sql
-- Stage 2: Validate the 3 continuous lab features used in ML experiments.
-- creatinine, bun, bicarbonate — exactly matching the notebook feature set:
--   features = ['age_at_admission', 'ethnicity_grouped_enc', 'gender', 'admission_type',
--               'creatinine', 'bun', 'bicarbonate']
--
-- Note: wbc, sodium, lactate exist in final_table but are not used in any
-- experiment (baseline, k-anonymity, DP, or membership inference attack).
-- They are passed through here for completeness but excluded from has_complete_labs.

with source as (

    select * from `project-c29d8542-a733-449a-996`.`capstone_final_dataset`.`final_table`

),

labs as (

    select
        subject_id,
        hadm_id,

        -- 3 lab features used in all notebook experiments
        creatinine,
        bun,
        bicarbonate,

        -- Additional lab columns present in final_table (not used in experiments)
        wbc,
        sodium,
        lactate,

        -- Completeness flag: based on the 3 features actually used in models
        case
            when creatinine  is not null
             and bun         is not null
             and bicarbonate is not null
            then true
            else false
        end as has_complete_labs,

        -- Outlier flags for the 3 active features
        case when creatinine > 20  then true else false end as creatinine_outlier,
        case when bun > 150        then true else false end as bun_outlier,
        case when bicarbonate < 5
          or bicarbonate > 45      then true else false end as bicarbonate_outlier

    from source

    where
        subject_id is not null
        and hadm_id is not null

)

select * from labs;


[0m23:33:18.220072 [debug] [Thread-2 (]: On model.mimic_privacy.stg_diagnoses: /* {"app": "dbt", "dbt_version": "1.11.11", "profile_name": "mimic_privacy", "target_name": "dev", "node_id": "model.mimic_privacy.stg_diagnoses"} */


  create or replace view `project-c29d8542-a733-449a-996`.`capstone_final_dataset_staging`.`stg_diagnoses`
  OPTIONS()
  as -- stg_diagnoses.sql
-- Stage 2: Extract diagnosis codes from the preprocessed final table.
-- Pivots and cleans ICD-9 diagnostic coding for downstream ML feature engineering.
-- Primary diagnoses are flagged for use as prediction targets.

with source as (

    select * from `project-c29d8542-a733-449a-996`.`capstone_final_dataset`.`final_table`

),

diagnoses as (

    select
        subject_id,
        hadm_id,

        -- ICD code fields (adjust column names to match your final_table schema)
        icd9_code,
        seq_num,

        -- Flag primary diagnosis (seq_num = 1 is the principal diagnosis in MIMIC-III)
        case
            when seq_num = 1 then true
            else false
        end as is_primary_diagnosis,

        -- Broad disease category derived from ICD-9 code prefix
        case
            when icd9_code like 'E%' or icd9_code like 'V%'
                then 'External/Supplementary'
            when cast(left(icd9_code, 3) as int64) between 1   and 139
                then 'Infectious Disease'
            when cast(left(icd9_code, 3) as int64) between 140 and 239
                then 'Neoplasms'
            when cast(left(icd9_code, 3) as int64) between 240 and 279
                then 'Endocrine/Metabolic'
            when cast(left(icd9_code, 3) as int64) between 280 and 289
                then 'Blood Disorders'
            when cast(left(icd9_code, 3) as int64) between 290 and 319
                then 'Mental Disorders'
            when cast(left(icd9_code, 3) as int64) between 390 and 459
                then 'Circulatory'
            when cast(left(icd9_code, 3) as int64) between 460 and 519
                then 'Respiratory'
            when cast(left(icd9_code, 3) as int64) between 520 and 579
                then 'Digestive'
            when cast(left(icd9_code, 3) as int64) between 800 and 999
                then 'Injury/Poisoning'
            else 'Other'
        end as disease_category

    from source

    where icd9_code is not null

),

deduplicated as (

    -- One row per patient-admission-code combination
    select distinct
        subject_id,
        hadm_id,
        icd9_code,
        seq_num,
        is_primary_diagnosis,
        disease_category

    from diagnoses

)

select * from deduplicated;


[0m23:33:18.220642 [debug] [Thread-1 (]: On model.mimic_privacy.stg_admissions: /* {"app": "dbt", "dbt_version": "1.11.11", "profile_name": "mimic_privacy", "target_name": "dev", "node_id": "model.mimic_privacy.stg_admissions"} */


  create or replace view `project-c29d8542-a733-449a-996`.`capstone_final_dataset_staging`.`stg_admissions`
  OPTIONS()
  as -- stg_admissions.sql
-- Stage 1: Clean admission-level cohort and derive privacy fields.
-- Ethnicity grouping uses exact-match mapping from the notebook ethnicity_map dict
-- (41 raw MIMIC-III values → 6 categories). Age banding uses 10-year bins
-- matching notebook: generalize_age(x, bins=10) = (age // 10) * 10.

with source as (

    select * from `project-c29d8542-a733-449a-996`.`capstone_final_dataset`.`final_table`

),

cleaned as (

    select
        subject_id,
        hadm_id,

        -- Demographics
        age_at_admission,
        gender,
        ethnicity,
        admission_type,

        -- Age banding: matches notebook generalize_age(x, bins=10)
        -- Returns floor of 10-year band: 18→10, 27→20, 57→50, 78→70
        cast(floor(age_at_admission / 10) * 10 as int64) as age_band,

        -- Ethnicity grouping: exact match to notebook ethnicity_map
        -- 41 raw MIMIC-III values → 6 categories
        case ethnicity
            when 'WHITE'                                                    then 'White'
            when 'WHITE - RUSSIAN'                                          then 'White'
            when 'WHITE - OTHER EUROPEAN'                                   then 'White'
            when 'WHITE - BRAZILIAN'                                        then 'White'
            when 'WHITE - EASTERN EUROPEAN'                                 then 'White'
            when 'BLACK/AFRICAN AMERICAN'                                   then 'Black/African American'
            when 'BLACK/CAPE VERDEAN'                                       then 'Black/African American'
            when 'BLACK/HAITIAN'                                            then 'Black/African American'
            when 'BLACK/AFRICAN'                                            then 'Black/African American'
            when 'HISPANIC OR LATINO'                                       then 'Hispanic/Latino'
            when 'HISPANIC/LATINO - PUERTO RICAN'                          then 'Hispanic/Latino'
            when 'HISPANIC/LATINO - DOMINICAN'                             then 'Hispanic/Latino'
            when 'HISPANIC/LATINO - GUATEMALAN'                            then 'Hispanic/Latino'
            when 'HISPANIC/LATINO - CUBAN'                                 then 'Hispanic/Latino'
            when 'HISPANIC/LATINO - SALVADORAN'                            then 'Hispanic/Latino'
            when 'HISPANIC/LATINO - MEXICAN'                               then 'Hispanic/Latino'
            when 'HISPANIC/LATINO - CENTRAL AMERICAN (OTHER)'              then 'Hispanic/Latino'
            when 'HISPANIC/LATINO - COLOMBIAN'                             then 'Hispanic/Latino'
            when 'HISPANIC/LATINO - HONDURAN'                              then 'Hispanic/Latino'
            when 'ASIAN'                                                    then 'Asian'
            when 'ASIAN - CHINESE'                                         then 'Asian'
            when 'ASIAN - ASIAN INDIAN'                                    then 'Asian'
            when 'ASIAN - VIETNAMESE'                                      then 'Asian'
            when 'ASIAN - FILIPINO'                                        then 'Asian'
            when 'ASIAN - CAMBODIAN'                                       then 'Asian'
            when 'ASIAN - KOREAN'                                          then 'Asian'
            when 'ASIAN - OTHER'                                           then 'Asian'
            when 'ASIAN - JAPANESE'                                        then 'Asian'
            when 'ASIAN - THAI'                                            then 'Asian'
            when 'NATIVE HAWAIIAN OR OTHER PACIFIC ISLANDER'               then 'Asian'
            when 'MIDDLE EASTERN'                                          then 'Other'
            when 'MULTI RACE ETHNICITY'                                    then 'Other'
            when 'AMERICAN INDIAN/ALASKA NATIVE'                           then 'Other'
            when 'AMERICAN INDIAN/ALASKA NATIVE FEDERALLY RECOGNIZED TRIBE' then 'Other'
            when 'CARIBBEAN ISLAND'                                        then 'Other'
            when 'SOUTH AMERICAN'                                          then 'Other'
            when 'PORTUGUESE'                                              then 'Other'
            when 'UNKNOWN/NOT SPECIFIED'                                   then 'Unknown'
            when 'UNABLE TO OBTAIN'                                        then 'Unknown'
            when 'PATIENT DECLINED TO ANSWER'                              then 'Unknown'
            else 'Other'   -- matches notebook .fillna('Other')
        end as ethnicity_grouped,

        -- Target variables
        hospital_expire_flag,
        readmitted_30,

        -- Re-identification risk proxy
        case
            when ethnicity in ('UNKNOWN/NOT SPECIFIED','UNABLE TO OBTAIN','PATIENT DECLINED TO ANSWER')
              or ethnicity is null                     then 'high_risk'
            when age_at_admission >= 80                then 'high_risk'
            when age_at_admission between 18 and 29   then 'medium_risk'
            else                                           'low_risk'
        end as reidentification_risk

    from source

    where
        age_at_admission between 18 and 89
        and subject_id           is not null
        and hadm_id              is not null
        and hospital_expire_flag is not null

)

select * from cleaned;


[0m23:33:18.221105 [debug] [Thread-3 (]: Opening a new connection, currently in state init
[0m23:33:18.221345 [debug] [Thread-2 (]: Opening a new connection, currently in state closed
[0m23:33:18.221672 [debug] [Thread-1 (]: Opening a new connection, currently in state closed
[0m23:33:18.829685 [debug] [Thread-3 (]: BigQuery adapter: https://console.cloud.google.com/bigquery?project=project-c29d8542-a733-449a-996&j=bq:US:e443597d-cf84-4346-aed8-f8e0d1f871c1&page=queryresults
[0m23:33:18.832822 [debug] [Thread-2 (]: BigQuery adapter: https://console.cloud.google.com/bigquery?project=project-c29d8542-a733-449a-996&j=bq:US:34fe1103-052f-4be6-88d4-265ddba5cd61&page=queryresults
[0m23:33:18.936524 [debug] [Thread-1 (]: BigQuery adapter: https://console.cloud.google.com/bigquery?project=project-c29d8542-a733-449a-996&j=bq:US:48cc6296-036c-419f-8b12-5b5817fab704&page=queryresults
[0m23:33:19.072933 [error] [Thread-2 (]: BigQuery adapter: https://console.cloud.google.com/bigquery?project=project-c29d8542-a733-449a-996&j=bq:US:34fe1103-052f-4be6-88d4-265ddba5cd61&page=queryresults
[0m23:33:19.102442 [debug] [Thread-2 (]: Database Error in model stg_diagnoses (models/staging/stg_diagnoses.sql)
  Unrecognized name: icd9_code at [60:11]
  compiled code at target/run/mimic_privacy/models/staging/stg_diagnoses.sql
[0m23:33:19.105021 [debug] [Thread-2 (]: Sending event: {'category': 'dbt', 'action': 'run_model', 'label': 'b641886b-3e62-42d7-a950-ad077a23aec4', 'context': [<snowplow_tracker.self_describing_json.SelfDescribingJson object at 0x10668b7f0>]}
[0m23:33:19.105745 [error] [Thread-2 (]: 2 of 4 ERROR creating sql view model capstone_final_dataset_staging.stg_diagnoses  [[31mERROR[0m in 0.94s]
[0m23:33:19.106334 [debug] [Thread-2 (]: Finished running node model.mimic_privacy.stg_diagnoses
[0m23:33:19.106819 [debug] [Thread-7 (]: Marking all children of 'model.mimic_privacy.stg_diagnoses' to be skipped because of status 'error'.  Reason: Database Error in model stg_diagnoses (models/staging/stg_diagnoses.sql)
  Unrecognized name: icd9_code at [60:11]
  compiled code at target/run/mimic_privacy/models/staging/stg_diagnoses.sql.
[0m23:33:19.282462 [debug] [Thread-3 (]: SQL status: OK in 0.452 seconds
[0m23:33:19.308262 [debug] [Thread-3 (]: Sending event: {'category': 'dbt', 'action': 'run_model', 'label': 'b641886b-3e62-42d7-a950-ad077a23aec4', 'context': [<snowplow_tracker.self_describing_json.SelfDescribingJson object at 0x13e542750>]}
[0m23:33:19.309040 [info ] [Thread-3 (]: 3 of 4 OK created sql view model capstone_final_dataset_staging.stg_lab_features  [[32mCREATE VIEW (0 processed)[0m in 1.14s]
[0m23:33:19.309628 [debug] [Thread-3 (]: Finished running node model.mimic_privacy.stg_lab_features
[0m23:33:19.525490 [debug] [Thread-1 (]: SQL status: OK in 0.588 seconds
[0m23:33:19.533450 [debug] [Thread-1 (]: Sending event: {'category': 'dbt', 'action': 'run_model', 'label': 'b641886b-3e62-42d7-a950-ad077a23aec4', 'context': [<snowplow_tracker.self_describing_json.SelfDescribingJson object at 0x140621cc0>]}
[0m23:33:19.534544 [info ] [Thread-1 (]: 1 of 4 OK created sql view model capstone_final_dataset_staging.stg_admissions . [[32mCREATE VIEW (0 processed)[0m in 1.37s]
[0m23:33:19.535380 [debug] [Thread-1 (]: Finished running node model.mimic_privacy.stg_admissions
[0m23:33:19.536419 [debug] [Thread-4 (]: Began running node model.mimic_privacy.mart_cohort_privacy
[0m23:33:19.537294 [info ] [Thread-4 (]: 4 of 4 START sql table model capstone_final_dataset_marts.mart_cohort_privacy .. [RUN]
[0m23:33:19.538030 [debug] [Thread-4 (]: Acquiring new bigquery connection 'model.mimic_privacy.mart_cohort_privacy'
[0m23:33:19.538514 [debug] [Thread-4 (]: Began compiling node model.mimic_privacy.mart_cohort_privacy
[0m23:33:19.543469 [debug] [Thread-4 (]: Writing injected SQL for node "model.mimic_privacy.mart_cohort_privacy"
[0m23:33:19.544574 [debug] [Thread-4 (]: Began executing node model.mimic_privacy.mart_cohort_privacy
[0m23:33:19.576949 [debug] [Thread-4 (]: Writing runtime sql for node "model.mimic_privacy.mart_cohort_privacy"
[0m23:33:19.577911 [debug] [Thread-4 (]: On model.mimic_privacy.mart_cohort_privacy: /* {"app": "dbt", "dbt_version": "1.11.11", "profile_name": "mimic_privacy", "target_name": "dev", "node_id": "model.mimic_privacy.mart_cohort_privacy"} */

  
    

    create or replace table `project-c29d8542-a733-449a-996`.`capstone_final_dataset_marts`.`mart_cohort_privacy`
      
    
    

    
    OPTIONS()
    as (
      -- mart_cohort_privacy.sql
-- Final ML-ready cohort for Privacy-Utility Tradeoffs in Healthcare AI (DATA 698 Capstone).
-- Joins stg_admissions (demographics + k-anon fields) with stg_lab_features (3 lab values).
-- Produces the governed, auditable input for:
--   - Baseline logistic regression (5-fold stratified CV)
--   - K-anonymity experiments (age_band + ethnicity_grouped, k=5/10/25/50)
--   - Differential privacy experiments (epsilon=0.1/1/5/10, diffprivlib Laplace)
--   - Membership inference attack evaluation
--
-- Feature set mirrors notebook exactly:
--   ['age_at_admission', 'ethnicity_grouped_enc', 'gender', 'admission_type',
--    'creatinine', 'bun', 'bicarbonate']

with admissions as (

    select * from `project-c29d8542-a733-449a-996`.`capstone_final_dataset_staging`.`stg_admissions`

),

labs as (

    select * from `project-c29d8542-a733-449a-996`.`capstone_final_dataset_staging`.`stg_lab_features`

),

cohort as (

    select
        -- Keys
        a.subject_id,
        a.hadm_id,

        -- Demographic features (ML inputs)
        a.age_at_admission,
        a.gender,
        a.ethnicity,
        a.admission_type,

        -- K-anonymity generalized fields (derived in dbt, mirrors notebook logic)
        a.age_band,
        a.ethnicity_grouped,

        -- Privacy metadata
        a.reidentification_risk,

        -- Lab features — 3 used in all notebook experiments
        l.creatinine,
        l.bun,
        l.bicarbonate,
        l.has_complete_labs,

        -- Additional lab columns in final_table (not used in experiments)
        l.wbc,
        l.sodium,
        l.lactate,

        -- Outlier audit flags
        l.creatinine_outlier,
        l.bun_outlier,
        l.bicarbonate_outlier,

        -- Target variables
        a.hospital_expire_flag,   -- primary:   mortality (10.86% positive rate)
        a.readmitted_30,          -- secondary: 30-day readmission (6.25% positive rate)

        -- Data governance audit columns
        current_timestamp()   as dbt_loaded_at,
        'mart_cohort_privacy' as dbt_source_model

    from admissions a
    inner join labs l
        on  a.subject_id = l.subject_id
        and a.hadm_id    = l.hadm_id

)

select * from cohort
    );
  
[0m23:33:19.578394 [debug] [Thread-4 (]: Opening a new connection, currently in state init
[0m23:33:20.706401 [debug] [Thread-4 (]: BigQuery adapter: https://console.cloud.google.com/bigquery?project=project-c29d8542-a733-449a-996&j=bq:US:a160dcdb-0c08-40a5-9378-944b220df47f&page=queryresults
[0m23:33:23.143251 [debug] [Thread-4 (]: SQL status: OK in 2.436 seconds
[0m23:33:23.475631 [debug] [Thread-4 (]: Sending event: {'category': 'dbt', 'action': 'run_model', 'label': 'b641886b-3e62-42d7-a950-ad077a23aec4', 'context': [<snowplow_tracker.self_describing_json.SelfDescribingJson object at 0x13df81d90>]}
[0m23:33:23.476965 [info ] [Thread-4 (]: 4 of 4 OK created sql table model capstone_final_dataset_marts.mart_cohort_privacy  [[32mCREATE TABLE (48.2k rows, 5.0 MiB processed)[0m in 3.94s]
[0m23:33:23.478778 [debug] [Thread-4 (]: Finished running node model.mimic_privacy.mart_cohort_privacy
[0m23:33:23.480799 [debug] [MainThread]: Opening a new connection, currently in state closed
[0m23:33:23.481666 [debug] [MainThread]: Connection 'master' was properly closed.
[0m23:33:23.482084 [debug] [MainThread]: Connection 'model.mimic_privacy.stg_admissions' was properly closed.
[0m23:33:23.482434 [debug] [MainThread]: Connection 'model.mimic_privacy.stg_diagnoses' was properly closed.
[0m23:33:23.482754 [debug] [MainThread]: Connection 'model.mimic_privacy.stg_lab_features' was properly closed.
[0m23:33:23.483066 [debug] [MainThread]: Connection 'model.mimic_privacy.mart_cohort_privacy' was properly closed.
[0m23:33:23.483555 [info ] [MainThread]: 
[0m23:33:23.483966 [info ] [MainThread]: Finished running 1 table model, 3 view models in 0 hours 0 minutes and 8.44 seconds (8.44s).
[0m23:33:23.485479 [debug] [MainThread]: Command end result
[0m23:33:23.596396 [debug] [MainThread]: Wrote artifact WritableManifest to /Users/taitai/Thesis_MS/healthcare-privacy-ml/dbt/target/manifest.json
[0m23:33:23.597787 [debug] [MainThread]: Wrote artifact SemanticManifest to /Users/taitai/Thesis_MS/healthcare-privacy-ml/dbt/target/semantic_manifest.json
[0m23:33:23.600844 [debug] [MainThread]: Wrote artifact RunExecutionResult to /Users/taitai/Thesis_MS/healthcare-privacy-ml/dbt/target/run_results.json
[0m23:33:23.601011 [info ] [MainThread]: 
[0m23:33:23.601187 [info ] [MainThread]: [31mCompleted with 1 error, 0 partial successes, and 0 warnings:[0m
[0m23:33:23.601332 [info ] [MainThread]: 
[0m23:33:23.601522 [error] [MainThread]: [31mFailure in model stg_diagnoses (models/staging/stg_diagnoses.sql)[0m
[0m23:33:23.601693 [error] [MainThread]:   Database Error in model stg_diagnoses (models/staging/stg_diagnoses.sql)
  Unrecognized name: icd9_code at [60:11]
  compiled code at target/run/mimic_privacy/models/staging/stg_diagnoses.sql
[0m23:33:23.601818 [info ] [MainThread]: 
[0m23:33:23.601974 [info ] [MainThread]:   compiled code at target/compiled/mimic_privacy/models/staging/stg_diagnoses.sql
[0m23:33:23.602099 [info ] [MainThread]: 
[0m23:33:23.602241 [info ] [MainThread]: Done. PASS=3 WARN=0 ERROR=1 SKIP=0 NO-OP=0 TOTAL=4
[0m23:33:23.602497 [warn ] [MainThread]: [[33mWARNING[0m][DeprecationsSummary]: Deprecated functionality
Summary of encountered deprecations:
- MissingArgumentsPropertyInGenericTestDeprecation: 7 occurrences
To see all deprecation instances instead of just the first occurrence of each,
run command again with the `--show-all-deprecations` flag. You may also need to
run with `--no-partial-parse` as some deprecations are only encountered during
parsing.
[0m23:33:23.604534 [debug] [MainThread]: Resource report: {"command_name": "run", "command_success": false, "command_wall_clock_time": 11.323214, "process_in_blocks": "0", "process_kernel_time": 0.399445, "process_mem_max_rss": "229933056", "process_out_blocks": "0", "process_user_time": 2.619038}
[0m23:33:23.604751 [debug] [MainThread]: Command `dbt run` failed at 23:33:23.604712 after 11.32 seconds
[0m23:33:23.604918 [debug] [MainThread]: Sending event: {'category': 'dbt', 'action': 'invocation', 'label': 'end', 'context': [<snowplow_tracker.self_describing_json.SelfDescribingJson object at 0x106657c50>, <snowplow_tracker.self_describing_json.SelfDescribingJson object at 0x13ae06870>, <snowplow_tracker.self_describing_json.SelfDescribingJson object at 0x13ae05610>]}
[0m23:33:23.605084 [debug] [MainThread]: Flushing usage events
[0m23:33:23.739160 [debug] [MainThread]: An error was encountered while trying to flush usage events
[0m23:33:54.133865 [debug] [MainThread]: Sending event: {'category': 'dbt', 'action': 'invocation', 'label': 'start', 'context': [<snowplow_tracker.self_describing_json.SelfDescribingJson object at 0x103fadd30>, <snowplow_tracker.self_describing_json.SelfDescribingJson object at 0x10514f750>, <snowplow_tracker.self_describing_json.SelfDescribingJson object at 0x10514f890>]}


============================== 23:33:54.137298 | be987553-7329-42b4-9b4b-9fd4853e2387 ==============================
[0m23:33:54.137298 [info ] [MainThread]: Running with dbt=1.11.11
[0m23:33:54.137656 [debug] [MainThread]: running dbt with arguments {'use_experimental_parser': 'False', 'introspect': 'True', 'debug': 'False', 'indirect_selection': 'eager', 'partial_parse': 'True', 'cache_selected_only': 'False', 'profiles_dir': '/Users/taitai/Thesis_MS/healthcare-privacy-ml/dbt', 'target_path': 'None', 'log_format': 'default', 'printer_width': '80', 'send_anonymous_usage_stats': 'True', 'empty': 'False', 'fail_fast': 'False', 'warn_error_options': 'WarnErrorOptionsV2(error=[], warn=[], silence=[])', 'quiet': 'False', 'warn_error': 'None', 'log_cache_events': 'False', 'static_parser': 'True', 'use_colors': 'True', 'invocation_command': 'dbt run', 'version_check': 'True', 'log_path': '/Users/taitai/Thesis_MS/healthcare-privacy-ml/dbt/logs', 'no_print': 'None', 'write_json': 'True'}
[0m23:33:56.195308 [debug] [MainThread]: Sending event: {'category': 'dbt', 'action': 'project_id', 'label': 'be987553-7329-42b4-9b4b-9fd4853e2387', 'context': [<snowplow_tracker.self_describing_json.SelfDescribingJson object at 0x10446cfc0>]}
[0m23:33:56.224421 [debug] [MainThread]: Sending event: {'category': 'dbt', 'action': 'adapter_info', 'label': 'be987553-7329-42b4-9b4b-9fd4853e2387', 'context': [<snowplow_tracker.self_describing_json.SelfDescribingJson object at 0x112d4bbd0>]}
[0m23:33:56.224760 [info ] [MainThread]: Registered adapter: bigquery=1.11.1
[0m23:33:56.317836 [debug] [MainThread]: checksum: 30a8cc8fdcbf66701b0944d4ccce3fa46dd04b61e5df68b9f16d57b2e0e3f0be, vars: {}, profile: , target: , version: 1.11.11
[0m23:33:56.419776 [debug] [MainThread]: Partial parsing enabled: 1 files deleted, 0 files added, 0 files changed.
[0m23:33:56.420101 [debug] [MainThread]: Partial parsing: deleted file: mimic_privacy://models/staging/stg_diagnoses.sql
[0m23:33:56.465816 [debug] [MainThread]: Sending event: {'category': 'dbt', 'action': 'load_project', 'label': 'be987553-7329-42b4-9b4b-9fd4853e2387', 'context': [<snowplow_tracker.self_describing_json.SelfDescribingJson object at 0x113318350>]}
[0m23:33:56.520101 [debug] [MainThread]: Wrote artifact WritableManifest to /Users/taitai/Thesis_MS/healthcare-privacy-ml/dbt/target/manifest.json
[0m23:33:56.522022 [debug] [MainThread]: Wrote artifact SemanticManifest to /Users/taitai/Thesis_MS/healthcare-privacy-ml/dbt/target/semantic_manifest.json
[0m23:33:56.533068 [debug] [MainThread]: Sending event: {'category': 'dbt', 'action': 'resource_counts', 'label': 'be987553-7329-42b4-9b4b-9fd4853e2387', 'context': [<snowplow_tracker.self_describing_json.SelfDescribingJson object at 0x1133abf20>]}
[0m23:33:56.533321 [info ] [MainThread]: Found 3 models, 28 data tests, 1 source, 549 macros
[0m23:33:56.533497 [debug] [MainThread]: Sending event: {'category': 'dbt', 'action': 'runnable_timing', 'label': 'be987553-7329-42b4-9b4b-9fd4853e2387', 'context': [<snowplow_tracker.self_describing_json.SelfDescribingJson object at 0x11342cbb0>]}
[0m23:33:56.534630 [info ] [MainThread]: 
[0m23:33:56.534801 [info ] [MainThread]: Concurrency: 4 threads (target='dev')
[0m23:33:56.534929 [info ] [MainThread]: 
[0m23:33:56.535179 [debug] [MainThread]: Acquiring new bigquery connection 'master'
[0m23:33:56.537099 [debug] [ThreadPool]: Acquiring new bigquery connection 'list_project-c29d8542-a733-449a-996'
[0m23:33:56.537353 [debug] [ThreadPool]: Acquiring new bigquery connection 'list_project-c29d8542-a733-449a-996'
[0m23:33:56.537516 [debug] [ThreadPool]: Opening a new connection, currently in state init
[0m23:33:56.537724 [debug] [ThreadPool]: Opening a new connection, currently in state init
[0m23:33:57.685292 [debug] [ThreadPool]: Re-using an available connection from the pool (formerly list_project-c29d8542-a733-449a-996, now list_project-c29d8542-a733-449a-996_capstone_final_dataset_marts)
[0m23:33:57.686366 [debug] [ThreadPool]: Re-using an available connection from the pool (formerly list_project-c29d8542-a733-449a-996, now list_project-c29d8542-a733-449a-996_capstone_final_dataset_staging)
[0m23:33:57.686809 [debug] [ThreadPool]: Opening a new connection, currently in state closed
[0m23:33:57.687263 [debug] [ThreadPool]: Opening a new connection, currently in state closed
[0m23:33:58.085246 [debug] [MainThread]: Sending event: {'category': 'dbt', 'action': 'runnable_timing', 'label': 'be987553-7329-42b4-9b4b-9fd4853e2387', 'context': [<snowplow_tracker.self_describing_json.SelfDescribingJson object at 0x113283520>]}
[0m23:33:58.086684 [debug] [MainThread]: Opening a new connection, currently in state init
[0m23:33:58.092524 [debug] [Thread-1 (]: Began running node model.mimic_privacy.stg_admissions
[0m23:33:58.093246 [debug] [Thread-2 (]: Began running node model.mimic_privacy.stg_lab_features
[0m23:33:58.094071 [info ] [Thread-1 (]: 1 of 3 START sql view model capstone_final_dataset_staging.stg_admissions ...... [RUN]
[0m23:33:58.094886 [info ] [Thread-2 (]: 2 of 3 START sql view model capstone_final_dataset_staging.stg_lab_features .... [RUN]
[0m23:33:58.095580 [debug] [Thread-1 (]: Re-using an available connection from the pool (formerly list_project-c29d8542-a733-449a-996_capstone_final_dataset_marts, now model.mimic_privacy.stg_admissions)
[0m23:33:58.096196 [debug] [Thread-2 (]: Re-using an available connection from the pool (formerly list_project-c29d8542-a733-449a-996_capstone_final_dataset_staging, now model.mimic_privacy.stg_lab_features)
[0m23:33:58.096773 [debug] [Thread-1 (]: Began compiling node model.mimic_privacy.stg_admissions
[0m23:33:58.097272 [debug] [Thread-2 (]: Began compiling node model.mimic_privacy.stg_lab_features
[0m23:33:58.112703 [debug] [Thread-1 (]: Writing injected SQL for node "model.mimic_privacy.stg_admissions"
[0m23:33:58.115617 [debug] [Thread-2 (]: Writing injected SQL for node "model.mimic_privacy.stg_lab_features"
[0m23:33:58.116705 [debug] [Thread-1 (]: Began executing node model.mimic_privacy.stg_admissions
[0m23:33:58.122885 [debug] [Thread-2 (]: Began executing node model.mimic_privacy.stg_lab_features
[0m23:33:58.156607 [debug] [Thread-2 (]: Writing runtime sql for node "model.mimic_privacy.stg_lab_features"
[0m23:33:58.157050 [debug] [Thread-1 (]: Writing runtime sql for node "model.mimic_privacy.stg_admissions"
[0m23:33:58.157722 [debug] [Thread-2 (]: On model.mimic_privacy.stg_lab_features: /* {"app": "dbt", "dbt_version": "1.11.11", "profile_name": "mimic_privacy", "target_name": "dev", "node_id": "model.mimic_privacy.stg_lab_features"} */


  create or replace view `project-c29d8542-a733-449a-996`.`capstone_final_dataset_staging`.`stg_lab_features`
  OPTIONS()
  as -- stg_lab_features.sql
-- Stage 2: Validate the 3 continuous lab features used in ML experiments.
-- creatinine, bun, bicarbonate — exactly matching the notebook feature set:
--   features = ['age_at_admission', 'ethnicity_grouped_enc', 'gender', 'admission_type',
--               'creatinine', 'bun', 'bicarbonate']
--
-- Note: wbc, sodium, lactate exist in final_table but are not used in any
-- experiment (baseline, k-anonymity, DP, or membership inference attack).
-- They are passed through here for completeness but excluded from has_complete_labs.

with source as (

    select * from `project-c29d8542-a733-449a-996`.`capstone_final_dataset`.`final_table`

),

labs as (

    select
        subject_id,
        hadm_id,

        -- 3 lab features used in all notebook experiments
        creatinine,
        bun,
        bicarbonate,

        -- Additional lab columns present in final_table (not used in experiments)
        wbc,
        sodium,
        lactate,

        -- Completeness flag: based on the 3 features actually used in models
        case
            when creatinine  is not null
             and bun         is not null
             and bicarbonate is not null
            then true
            else false
        end as has_complete_labs,

        -- Outlier flags for the 3 active features
        case when creatinine > 20  then true else false end as creatinine_outlier,
        case when bun > 150        then true else false end as bun_outlier,
        case when bicarbonate < 5
          or bicarbonate > 45      then true else false end as bicarbonate_outlier

    from source

    where
        subject_id is not null
        and hadm_id is not null

)

select * from labs;


[0m23:33:58.158233 [debug] [Thread-1 (]: On model.mimic_privacy.stg_admissions: /* {"app": "dbt", "dbt_version": "1.11.11", "profile_name": "mimic_privacy", "target_name": "dev", "node_id": "model.mimic_privacy.stg_admissions"} */


  create or replace view `project-c29d8542-a733-449a-996`.`capstone_final_dataset_staging`.`stg_admissions`
  OPTIONS()
  as -- stg_admissions.sql
-- Stage 1: Clean admission-level cohort and derive privacy fields.
-- Ethnicity grouping uses exact-match mapping from the notebook ethnicity_map dict
-- (41 raw MIMIC-III values → 6 categories). Age banding uses 10-year bins
-- matching notebook: generalize_age(x, bins=10) = (age // 10) * 10.

with source as (

    select * from `project-c29d8542-a733-449a-996`.`capstone_final_dataset`.`final_table`

),

cleaned as (

    select
        subject_id,
        hadm_id,

        -- Demographics
        age_at_admission,
        gender,
        ethnicity,
        admission_type,

        -- Age banding: matches notebook generalize_age(x, bins=10)
        -- Returns floor of 10-year band: 18→10, 27→20, 57→50, 78→70
        cast(floor(age_at_admission / 10) * 10 as int64) as age_band,

        -- Ethnicity grouping: exact match to notebook ethnicity_map
        -- 41 raw MIMIC-III values → 6 categories
        case ethnicity
            when 'WHITE'                                                    then 'White'
            when 'WHITE - RUSSIAN'                                          then 'White'
            when 'WHITE - OTHER EUROPEAN'                                   then 'White'
            when 'WHITE - BRAZILIAN'                                        then 'White'
            when 'WHITE - EASTERN EUROPEAN'                                 then 'White'
            when 'BLACK/AFRICAN AMERICAN'                                   then 'Black/African American'
            when 'BLACK/CAPE VERDEAN'                                       then 'Black/African American'
            when 'BLACK/HAITIAN'                                            then 'Black/African American'
            when 'BLACK/AFRICAN'                                            then 'Black/African American'
            when 'HISPANIC OR LATINO'                                       then 'Hispanic/Latino'
            when 'HISPANIC/LATINO - PUERTO RICAN'                          then 'Hispanic/Latino'
            when 'HISPANIC/LATINO - DOMINICAN'                             then 'Hispanic/Latino'
            when 'HISPANIC/LATINO - GUATEMALAN'                            then 'Hispanic/Latino'
            when 'HISPANIC/LATINO - CUBAN'                                 then 'Hispanic/Latino'
            when 'HISPANIC/LATINO - SALVADORAN'                            then 'Hispanic/Latino'
            when 'HISPANIC/LATINO - MEXICAN'                               then 'Hispanic/Latino'
            when 'HISPANIC/LATINO - CENTRAL AMERICAN (OTHER)'              then 'Hispanic/Latino'
            when 'HISPANIC/LATINO - COLOMBIAN'                             then 'Hispanic/Latino'
            when 'HISPANIC/LATINO - HONDURAN'                              then 'Hispanic/Latino'
            when 'ASIAN'                                                    then 'Asian'
            when 'ASIAN - CHINESE'                                         then 'Asian'
            when 'ASIAN - ASIAN INDIAN'                                    then 'Asian'
            when 'ASIAN - VIETNAMESE'                                      then 'Asian'
            when 'ASIAN - FILIPINO'                                        then 'Asian'
            when 'ASIAN - CAMBODIAN'                                       then 'Asian'
            when 'ASIAN - KOREAN'                                          then 'Asian'
            when 'ASIAN - OTHER'                                           then 'Asian'
            when 'ASIAN - JAPANESE'                                        then 'Asian'
            when 'ASIAN - THAI'                                            then 'Asian'
            when 'NATIVE HAWAIIAN OR OTHER PACIFIC ISLANDER'               then 'Asian'
            when 'MIDDLE EASTERN'                                          then 'Other'
            when 'MULTI RACE ETHNICITY'                                    then 'Other'
            when 'AMERICAN INDIAN/ALASKA NATIVE'                           then 'Other'
            when 'AMERICAN INDIAN/ALASKA NATIVE FEDERALLY RECOGNIZED TRIBE' then 'Other'
            when 'CARIBBEAN ISLAND'                                        then 'Other'
            when 'SOUTH AMERICAN'                                          then 'Other'
            when 'PORTUGUESE'                                              then 'Other'
            when 'UNKNOWN/NOT SPECIFIED'                                   then 'Unknown'
            when 'UNABLE TO OBTAIN'                                        then 'Unknown'
            when 'PATIENT DECLINED TO ANSWER'                              then 'Unknown'
            else 'Other'   -- matches notebook .fillna('Other')
        end as ethnicity_grouped,

        -- Target variables
        hospital_expire_flag,
        readmitted_30,

        -- Re-identification risk proxy
        case
            when ethnicity in ('UNKNOWN/NOT SPECIFIED','UNABLE TO OBTAIN','PATIENT DECLINED TO ANSWER')
              or ethnicity is null                     then 'high_risk'
            when age_at_admission >= 80                then 'high_risk'
            when age_at_admission between 18 and 29   then 'medium_risk'
            else                                           'low_risk'
        end as reidentification_risk

    from source

    where
        age_at_admission between 18 and 89
        and subject_id           is not null
        and hadm_id              is not null
        and hospital_expire_flag is not null

)

select * from cleaned;


[0m23:33:58.158709 [debug] [Thread-2 (]: Opening a new connection, currently in state closed
[0m23:33:58.159280 [debug] [Thread-1 (]: Opening a new connection, currently in state closed
[0m23:33:58.902488 [debug] [Thread-2 (]: BigQuery adapter: https://console.cloud.google.com/bigquery?project=project-c29d8542-a733-449a-996&j=bq:US:99567ca6-da18-47cc-8d1d-596fbc4193a6&page=queryresults
[0m23:33:58.905020 [debug] [Thread-1 (]: BigQuery adapter: https://console.cloud.google.com/bigquery?project=project-c29d8542-a733-449a-996&j=bq:US:9456c153-9e57-46cf-aadb-816f6da18198&page=queryresults
[0m23:33:59.414514 [debug] [Thread-1 (]: SQL status: OK in 0.509 seconds
[0m23:33:59.482771 [debug] [Thread-2 (]: SQL status: OK in 0.579 seconds
[0m23:33:59.488374 [debug] [Thread-1 (]: Sending event: {'category': 'dbt', 'action': 'run_model', 'label': 'be987553-7329-42b4-9b4b-9fd4853e2387', 'context': [<snowplow_tracker.self_describing_json.SelfDescribingJson object at 0x11329f290>]}
[0m23:33:59.488654 [debug] [Thread-2 (]: Sending event: {'category': 'dbt', 'action': 'run_model', 'label': 'be987553-7329-42b4-9b4b-9fd4853e2387', 'context': [<snowplow_tracker.self_describing_json.SelfDescribingJson object at 0x1134d5c80>]}
[0m23:33:59.489087 [info ] [Thread-1 (]: 1 of 3 OK created sql view model capstone_final_dataset_staging.stg_admissions . [[32mCREATE VIEW (0 processed)[0m in 1.39s]
[0m23:33:59.489488 [info ] [Thread-2 (]: 2 of 3 OK created sql view model capstone_final_dataset_staging.stg_lab_features  [[32mCREATE VIEW (0 processed)[0m in 1.39s]
[0m23:33:59.489888 [debug] [Thread-1 (]: Finished running node model.mimic_privacy.stg_admissions
[0m23:33:59.490245 [debug] [Thread-2 (]: Finished running node model.mimic_privacy.stg_lab_features
[0m23:33:59.490829 [debug] [Thread-3 (]: Began running node model.mimic_privacy.mart_cohort_privacy
[0m23:33:59.491301 [info ] [Thread-3 (]: 3 of 3 START sql table model capstone_final_dataset_marts.mart_cohort_privacy .. [RUN]
[0m23:33:59.491684 [debug] [Thread-3 (]: Acquiring new bigquery connection 'model.mimic_privacy.mart_cohort_privacy'
[0m23:33:59.491914 [debug] [Thread-3 (]: Began compiling node model.mimic_privacy.mart_cohort_privacy
[0m23:33:59.494151 [debug] [Thread-3 (]: Writing injected SQL for node "model.mimic_privacy.mart_cohort_privacy"
[0m23:33:59.494618 [debug] [Thread-3 (]: Began executing node model.mimic_privacy.mart_cohort_privacy
[0m23:33:59.505899 [debug] [Thread-3 (]: Opening a new connection, currently in state init
[0m23:33:59.951520 [debug] [Thread-3 (]: Writing runtime sql for node "model.mimic_privacy.mart_cohort_privacy"
[0m23:33:59.952324 [debug] [Thread-3 (]: On model.mimic_privacy.mart_cohort_privacy: /* {"app": "dbt", "dbt_version": "1.11.11", "profile_name": "mimic_privacy", "target_name": "dev", "node_id": "model.mimic_privacy.mart_cohort_privacy"} */

  
    

    create or replace table `project-c29d8542-a733-449a-996`.`capstone_final_dataset_marts`.`mart_cohort_privacy`
      
    
    

    
    OPTIONS()
    as (
      -- mart_cohort_privacy.sql
-- Final ML-ready cohort for Privacy-Utility Tradeoffs in Healthcare AI (DATA 698 Capstone).
-- Joins stg_admissions (demographics + k-anon fields) with stg_lab_features (3 lab values).
-- Produces the governed, auditable input for:
--   - Baseline logistic regression (5-fold stratified CV)
--   - K-anonymity experiments (age_band + ethnicity_grouped, k=5/10/25/50)
--   - Differential privacy experiments (epsilon=0.1/1/5/10, diffprivlib Laplace)
--   - Membership inference attack evaluation
--
-- Feature set mirrors notebook exactly:
--   ['age_at_admission', 'ethnicity_grouped_enc', 'gender', 'admission_type',
--    'creatinine', 'bun', 'bicarbonate']

with admissions as (

    select * from `project-c29d8542-a733-449a-996`.`capstone_final_dataset_staging`.`stg_admissions`

),

labs as (

    select * from `project-c29d8542-a733-449a-996`.`capstone_final_dataset_staging`.`stg_lab_features`

),

cohort as (

    select
        -- Keys
        a.subject_id,
        a.hadm_id,

        -- Demographic features (ML inputs)
        a.age_at_admission,
        a.gender,
        a.ethnicity,
        a.admission_type,

        -- K-anonymity generalized fields (derived in dbt, mirrors notebook logic)
        a.age_band,
        a.ethnicity_grouped,

        -- Privacy metadata
        a.reidentification_risk,

        -- Lab features — 3 used in all notebook experiments
        l.creatinine,
        l.bun,
        l.bicarbonate,
        l.has_complete_labs,

        -- Additional lab columns in final_table (not used in experiments)
        l.wbc,
        l.sodium,
        l.lactate,

        -- Outlier audit flags
        l.creatinine_outlier,
        l.bun_outlier,
        l.bicarbonate_outlier,

        -- Target variables
        a.hospital_expire_flag,   -- primary:   mortality (10.86% positive rate)
        a.readmitted_30,          -- secondary: 30-day readmission (6.25% positive rate)

        -- Data governance audit columns
        current_timestamp()   as dbt_loaded_at,
        'mart_cohort_privacy' as dbt_source_model

    from admissions a
    inner join labs l
        on  a.subject_id = l.subject_id
        and a.hadm_id    = l.hadm_id

)

select * from cohort
    );
  
[0m23:34:00.845800 [debug] [Thread-3 (]: BigQuery adapter: https://console.cloud.google.com/bigquery?project=project-c29d8542-a733-449a-996&j=bq:US:b90a8b48-88cb-4910-9222-cc8dd5060710&page=queryresults
[0m23:34:03.404408 [debug] [Thread-3 (]: SQL status: OK in 2.556 seconds
[0m23:34:03.626998 [debug] [Thread-3 (]: Sending event: {'category': 'dbt', 'action': 'run_model', 'label': 'be987553-7329-42b4-9b4b-9fd4853e2387', 'context': [<snowplow_tracker.self_describing_json.SelfDescribingJson object at 0x1137d2cb0>]}
[0m23:34:03.630655 [info ] [Thread-3 (]: 3 of 3 OK created sql table model capstone_final_dataset_marts.mart_cohort_privacy  [[32mCREATE TABLE (48.2k rows, 5.0 MiB processed)[0m in 4.13s]
[0m23:34:03.632343 [debug] [Thread-3 (]: Finished running node model.mimic_privacy.mart_cohort_privacy
[0m23:34:03.639126 [debug] [MainThread]: Opening a new connection, currently in state closed
[0m23:34:03.641848 [debug] [MainThread]: Connection 'master' was properly closed.
[0m23:34:03.642623 [debug] [MainThread]: Connection 'model.mimic_privacy.stg_admissions' was properly closed.
[0m23:34:03.642947 [debug] [MainThread]: Connection 'model.mimic_privacy.stg_lab_features' was properly closed.
[0m23:34:03.643160 [debug] [MainThread]: Connection 'model.mimic_privacy.mart_cohort_privacy' was properly closed.
[0m23:34:03.643683 [info ] [MainThread]: 
[0m23:34:03.644402 [info ] [MainThread]: Finished running 1 table model, 2 view models in 0 hours 0 minutes and 7.11 seconds (7.11s).
[0m23:34:03.654882 [debug] [MainThread]: Command end result
[0m23:34:03.750605 [debug] [MainThread]: Wrote artifact WritableManifest to /Users/taitai/Thesis_MS/healthcare-privacy-ml/dbt/target/manifest.json
[0m23:34:03.752385 [debug] [MainThread]: Wrote artifact SemanticManifest to /Users/taitai/Thesis_MS/healthcare-privacy-ml/dbt/target/semantic_manifest.json
[0m23:34:03.756129 [debug] [MainThread]: Wrote artifact RunExecutionResult to /Users/taitai/Thesis_MS/healthcare-privacy-ml/dbt/target/run_results.json
[0m23:34:03.756297 [info ] [MainThread]: 
[0m23:34:03.756487 [info ] [MainThread]: [32mCompleted successfully[0m
[0m23:34:03.756624 [info ] [MainThread]: 
[0m23:34:03.756792 [info ] [MainThread]: Done. PASS=3 WARN=0 ERROR=0 SKIP=0 NO-OP=0 TOTAL=3
[0m23:34:03.759125 [debug] [MainThread]: Resource report: {"command_name": "run", "command_success": true, "command_wall_clock_time": 9.67042, "process_in_blocks": "0", "process_kernel_time": 0.452386, "process_mem_max_rss": "214761472", "process_out_blocks": "0", "process_user_time": 1.912806}
[0m23:34:03.759446 [debug] [MainThread]: Command `dbt run` succeeded at 23:34:03.759396 after 9.67 seconds
[0m23:34:03.759713 [debug] [MainThread]: Sending event: {'category': 'dbt', 'action': 'invocation', 'label': 'end', 'context': [<snowplow_tracker.self_describing_json.SelfDescribingJson object at 0x113464450>, <snowplow_tracker.self_describing_json.SelfDescribingJson object at 0x104408ad0>, <snowplow_tracker.self_describing_json.SelfDescribingJson object at 0x105220de0>]}
[0m23:34:03.759891 [debug] [MainThread]: Flushing usage events
[0m23:34:03.869982 [debug] [MainThread]: An error was encountered while trying to flush usage events
[0m23:34:29.342316 [debug] [MainThread]: Sending event: {'category': 'dbt', 'action': 'invocation', 'label': 'start', 'context': [<snowplow_tracker.self_describing_json.SelfDescribingJson object at 0x106311d30>, <snowplow_tracker.self_describing_json.SelfDescribingJson object at 0x107ab3750>, <snowplow_tracker.self_describing_json.SelfDescribingJson object at 0x107ab3890>]}


============================== 23:34:29.345783 | e578fbab-de0c-4104-8e6a-c1b646b20516 ==============================
[0m23:34:29.345783 [info ] [MainThread]: Running with dbt=1.11.11
[0m23:34:29.346118 [debug] [MainThread]: running dbt with arguments {'write_json': 'True', 'introspect': 'True', 'invocation_command': 'dbt test', 'profiles_dir': '/Users/taitai/Thesis_MS/healthcare-privacy-ml/dbt', 'use_colors': 'True', 'partial_parse': 'True', 'quiet': 'False', 'printer_width': '80', 'use_experimental_parser': 'False', 'fail_fast': 'False', 'log_format': 'default', 'static_parser': 'True', 'send_anonymous_usage_stats': 'True', 'indirect_selection': 'eager', 'log_cache_events': 'False', 'no_print': 'None', 'target_path': 'None', 'empty': 'None', 'version_check': 'True', 'cache_selected_only': 'False', 'warn_error': 'None', 'log_path': '/Users/taitai/Thesis_MS/healthcare-privacy-ml/dbt/logs', 'warn_error_options': 'WarnErrorOptionsV2(error=[], warn=[], silence=[])', 'debug': 'False'}
[0m23:34:31.069293 [debug] [MainThread]: Sending event: {'category': 'dbt', 'action': 'project_id', 'label': 'e578fbab-de0c-4104-8e6a-c1b646b20516', 'context': [<snowplow_tracker.self_describing_json.SelfDescribingJson object at 0x1069d0fc0>]}
[0m23:34:31.098895 [debug] [MainThread]: Sending event: {'category': 'dbt', 'action': 'adapter_info', 'label': 'e578fbab-de0c-4104-8e6a-c1b646b20516', 'context': [<snowplow_tracker.self_describing_json.SelfDescribingJson object at 0x13950fbd0>]}
[0m23:34:31.099284 [info ] [MainThread]: Registered adapter: bigquery=1.11.1
[0m23:34:31.182622 [debug] [MainThread]: checksum: 30a8cc8fdcbf66701b0944d4ccce3fa46dd04b61e5df68b9f16d57b2e0e3f0be, vars: {}, profile: , target: , version: 1.11.11
[0m23:34:31.282844 [debug] [MainThread]: Partial parsing enabled: 0 files deleted, 0 files added, 0 files changed.
[0m23:34:31.283081 [debug] [MainThread]: Nothing changed, skipping partial parsing.
[0m23:34:31.283211 [debug] [MainThread]: Partial parsing enabled, no changes found, skipping parsing
[0m23:34:31.306091 [debug] [MainThread]: Sending event: {'category': 'dbt', 'action': 'load_project', 'label': 'e578fbab-de0c-4104-8e6a-c1b646b20516', 'context': [<snowplow_tracker.self_describing_json.SelfDescribingJson object at 0x139974450>]}
[0m23:34:31.358140 [debug] [MainThread]: Wrote artifact WritableManifest to /Users/taitai/Thesis_MS/healthcare-privacy-ml/dbt/target/manifest.json
[0m23:34:31.359576 [debug] [MainThread]: Wrote artifact SemanticManifest to /Users/taitai/Thesis_MS/healthcare-privacy-ml/dbt/target/semantic_manifest.json
[0m23:34:31.380581 [debug] [MainThread]: Sending event: {'category': 'dbt', 'action': 'resource_counts', 'label': 'e578fbab-de0c-4104-8e6a-c1b646b20516', 'context': [<snowplow_tracker.self_describing_json.SelfDescribingJson object at 0x139c1f980>]}
[0m23:34:31.380900 [info ] [MainThread]: Found 3 models, 28 data tests, 1 source, 549 macros
[0m23:34:31.381076 [debug] [MainThread]: Sending event: {'category': 'dbt', 'action': 'runnable_timing', 'label': 'e578fbab-de0c-4104-8e6a-c1b646b20516', 'context': [<snowplow_tracker.self_describing_json.SelfDescribingJson object at 0x139c57bd0>]}
[0m23:34:31.382585 [info ] [MainThread]: 
[0m23:34:31.382764 [info ] [MainThread]: Concurrency: 4 threads (target='dev')
[0m23:34:31.382895 [info ] [MainThread]: 
[0m23:34:31.383136 [debug] [MainThread]: Acquiring new bigquery connection 'master'
[0m23:34:31.385117 [debug] [ThreadPool]: Acquiring new bigquery connection 'list_project-c29d8542-a733-449a-996_capstone_final_dataset_marts'
[0m23:34:31.385331 [debug] [ThreadPool]: Opening a new connection, currently in state init
[0m23:34:31.385539 [debug] [ThreadPool]: Acquiring new bigquery connection 'list_project-c29d8542-a733-449a-996_capstone_final_dataset_staging'
[0m23:34:31.385814 [debug] [ThreadPool]: Opening a new connection, currently in state init
[0m23:34:32.308582 [debug] [MainThread]: Sending event: {'category': 'dbt', 'action': 'runnable_timing', 'label': 'e578fbab-de0c-4104-8e6a-c1b646b20516', 'context': [<snowplow_tracker.self_describing_json.SelfDescribingJson object at 0x1398720d0>]}
[0m23:34:32.309729 [debug] [MainThread]: Opening a new connection, currently in state init
[0m23:34:32.315473 [debug] [Thread-1 (]: Began running node test.mimic_privacy.accepted_values_mart_cohort_privacy_hospital_expire_flag__0__1.9db530e920
[0m23:34:32.316091 [debug] [Thread-3 (]: Began running node test.mimic_privacy.accepted_values_mart_cohort_privacy_reidentification_risk__low_risk__medium_risk__high_risk.5518961a2c
[0m23:34:32.316645 [debug] [Thread-4 (]: Began running node test.mimic_privacy.accepted_values_stg_admissions_ethnicity_grouped__White__Black_African_American__Hispanic_Latino__Asian__Other__Unknown.94a2904c8a
[0m23:34:32.317113 [debug] [Thread-2 (]: Began running node test.mimic_privacy.accepted_values_mart_cohort_privacy_readmitted_30__0__1.acd889b8fe
[0m23:34:32.317622 [info ] [Thread-1 (]: 1 of 28 START test accepted_values_mart_cohort_privacy_hospital_expire_flag__0__1  [RUN]
[0m23:34:32.318180 [info ] [Thread-3 (]: 3 of 28 START test accepted_values_mart_cohort_privacy_reidentification_risk__low_risk__medium_risk__high_risk  [RUN]
[0m23:34:32.318703 [info ] [Thread-4 (]: 4 of 28 START test accepted_values_stg_admissions_ethnicity_grouped__White__Black_African_American__Hispanic_Latino__Asian__Other__Unknown  [RUN]
[0m23:34:32.319255 [info ] [Thread-2 (]: 2 of 28 START test accepted_values_mart_cohort_privacy_readmitted_30__0__1 ..... [RUN]
[0m23:34:32.319831 [debug] [Thread-1 (]: Re-using an available connection from the pool (formerly list_project-c29d8542-a733-449a-996_capstone_final_dataset_marts, now test.mimic_privacy.accepted_values_mart_cohort_privacy_hospital_expire_flag__0__1.9db530e920)
[0m23:34:32.320462 [debug] [Thread-3 (]: Acquiring new bigquery connection 'test.mimic_privacy.accepted_values_mart_cohort_privacy_reidentification_risk__low_risk__medium_risk__high_risk.5518961a2c'
[0m23:34:32.321016 [debug] [Thread-4 (]: Acquiring new bigquery connection 'test.mimic_privacy.accepted_values_stg_admissions_ethnicity_grouped__White__Black_African_American__Hispanic_Latino__Asian__Other__Unknown.94a2904c8a'
[0m23:34:32.321414 [debug] [Thread-2 (]: Re-using an available connection from the pool (formerly list_project-c29d8542-a733-449a-996_capstone_final_dataset_staging, now test.mimic_privacy.accepted_values_mart_cohort_privacy_readmitted_30__0__1.acd889b8fe)
[0m23:34:32.321822 [debug] [Thread-1 (]: Began compiling node test.mimic_privacy.accepted_values_mart_cohort_privacy_hospital_expire_flag__0__1.9db530e920
[0m23:34:32.322209 [debug] [Thread-3 (]: Began compiling node test.mimic_privacy.accepted_values_mart_cohort_privacy_reidentification_risk__low_risk__medium_risk__high_risk.5518961a2c
[0m23:34:32.322569 [debug] [Thread-4 (]: Began compiling node test.mimic_privacy.accepted_values_stg_admissions_ethnicity_grouped__White__Black_African_American__Hispanic_Latino__Asian__Other__Unknown.94a2904c8a
[0m23:34:32.322914 [debug] [Thread-2 (]: Began compiling node test.mimic_privacy.accepted_values_mart_cohort_privacy_readmitted_30__0__1.acd889b8fe
[0m23:34:32.343493 [debug] [Thread-1 (]: Writing injected SQL for node "test.mimic_privacy.accepted_values_mart_cohort_privacy_hospital_expire_flag__0__1.9db530e920"
[0m23:34:32.348632 [debug] [Thread-3 (]: Writing injected SQL for node "test.mimic_privacy.accepted_values_mart_cohort_privacy_reidentification_risk__low_risk__medium_risk__high_risk.5518961a2c"
[0m23:34:32.354563 [debug] [Thread-4 (]: Writing injected SQL for node "test.mimic_privacy.accepted_values_stg_admissions_ethnicity_grouped__White__Black_African_American__Hispanic_Latino__Asian__Other__Unknown.94a2904c8a"
[0m23:34:32.357244 [debug] [Thread-2 (]: Writing injected SQL for node "test.mimic_privacy.accepted_values_mart_cohort_privacy_readmitted_30__0__1.acd889b8fe"
[0m23:34:32.358028 [debug] [Thread-4 (]: Began executing node test.mimic_privacy.accepted_values_stg_admissions_ethnicity_grouped__White__Black_African_American__Hispanic_Latino__Asian__Other__Unknown.94a2904c8a
[0m23:34:32.364004 [debug] [Thread-1 (]: Began executing node test.mimic_privacy.accepted_values_mart_cohort_privacy_hospital_expire_flag__0__1.9db530e920
[0m23:34:32.364588 [debug] [Thread-3 (]: Began executing node test.mimic_privacy.accepted_values_mart_cohort_privacy_reidentification_risk__low_risk__medium_risk__high_risk.5518961a2c
[0m23:34:32.364824 [debug] [Thread-2 (]: Began executing node test.mimic_privacy.accepted_values_mart_cohort_privacy_readmitted_30__0__1.acd889b8fe
[0m23:34:32.374747 [debug] [Thread-4 (]: Writing runtime sql for node "test.mimic_privacy.accepted_values_stg_admissions_ethnicity_grouped__White__Black_African_American__Hispanic_Latino__Asian__Other__Unknown.94a2904c8a"
[0m23:34:32.376102 [debug] [Thread-1 (]: Writing runtime sql for node "test.mimic_privacy.accepted_values_mart_cohort_privacy_hospital_expire_flag__0__1.9db530e920"
[0m23:34:32.377609 [debug] [Thread-3 (]: Writing runtime sql for node "test.mimic_privacy.accepted_values_mart_cohort_privacy_reidentification_risk__low_risk__medium_risk__high_risk.5518961a2c"
[0m23:34:32.378824 [debug] [Thread-2 (]: Writing runtime sql for node "test.mimic_privacy.accepted_values_mart_cohort_privacy_readmitted_30__0__1.acd889b8fe"
[0m23:34:32.379492 [debug] [Thread-1 (]: On test.mimic_privacy.accepted_values_mart_cohort_privacy_hospital_expire_flag__0__1.9db530e920: /* {"app": "dbt", "dbt_version": "1.11.11", "profile_name": "mimic_privacy", "target_name": "dev", "node_id": "test.mimic_privacy.accepted_values_mart_cohort_privacy_hospital_expire_flag__0__1.9db530e920"} */

    
    select
      count(*) as failures,
      count(*) != 0 as should_warn,
      count(*) != 0 as should_error
    from (
      
    
  
    
    

with all_values as (

    select
        hospital_expire_flag as value_field,
        count(*) as n_records

    from `project-c29d8542-a733-449a-996`.`capstone_final_dataset_marts`.`mart_cohort_privacy`
    group by hospital_expire_flag

)

select *
from all_values
where value_field not in (
    '0','1'
)



  
  
      
    ) dbt_internal_test
[0m23:34:32.379845 [debug] [Thread-3 (]: On test.mimic_privacy.accepted_values_mart_cohort_privacy_reidentification_risk__low_risk__medium_risk__high_risk.5518961a2c: /* {"app": "dbt", "dbt_version": "1.11.11", "profile_name": "mimic_privacy", "target_name": "dev", "node_id": "test.mimic_privacy.accepted_values_mart_cohort_privacy_reidentification_risk__low_risk__medium_risk__high_risk.5518961a2c"} */

    
    select
      count(*) as failures,
      count(*) != 0 as should_warn,
      count(*) != 0 as should_error
    from (
      
    
  
    
    

with all_values as (

    select
        reidentification_risk as value_field,
        count(*) as n_records

    from `project-c29d8542-a733-449a-996`.`capstone_final_dataset_marts`.`mart_cohort_privacy`
    group by reidentification_risk

)

select *
from all_values
where value_field not in (
    'low_risk','medium_risk','high_risk'
)



  
  
      
    ) dbt_internal_test
[0m23:34:32.380089 [debug] [Thread-1 (]: Opening a new connection, currently in state closed
[0m23:34:32.380312 [debug] [Thread-4 (]: On test.mimic_privacy.accepted_values_stg_admissions_ethnicity_grouped__White__Black_African_American__Hispanic_Latino__Asian__Other__Unknown.94a2904c8a: /* {"app": "dbt", "dbt_version": "1.11.11", "profile_name": "mimic_privacy", "target_name": "dev", "node_id": "test.mimic_privacy.accepted_values_stg_admissions_ethnicity_grouped__White__Black_African_American__Hispanic_Latino__Asian__Other__Unknown.94a2904c8a"} */

    
    select
      count(*) as failures,
      count(*) != 0 as should_warn,
      count(*) != 0 as should_error
    from (
      
    
  
    
    

with all_values as (

    select
        ethnicity_grouped as value_field,
        count(*) as n_records

    from `project-c29d8542-a733-449a-996`.`capstone_final_dataset_staging`.`stg_admissions`
    group by ethnicity_grouped

)

select *
from all_values
where value_field not in (
    'White','Black/African American','Hispanic/Latino','Asian','Other','Unknown'
)



  
  
      
    ) dbt_internal_test
[0m23:34:32.380554 [debug] [Thread-2 (]: On test.mimic_privacy.accepted_values_mart_cohort_privacy_readmitted_30__0__1.acd889b8fe: /* {"app": "dbt", "dbt_version": "1.11.11", "profile_name": "mimic_privacy", "target_name": "dev", "node_id": "test.mimic_privacy.accepted_values_mart_cohort_privacy_readmitted_30__0__1.acd889b8fe"} */

    
    select
      count(*) as failures,
      count(*) != 0 as should_warn,
      count(*) != 0 as should_error
    from (
      
    
  
    
    

with all_values as (

    select
        readmitted_30 as value_field,
        count(*) as n_records

    from `project-c29d8542-a733-449a-996`.`capstone_final_dataset_marts`.`mart_cohort_privacy`
    group by readmitted_30

)

select *
from all_values
where value_field not in (
    '0','1'
)



  
  
      
    ) dbt_internal_test
[0m23:34:32.380776 [debug] [Thread-3 (]: Opening a new connection, currently in state init
[0m23:34:32.381495 [debug] [Thread-4 (]: Opening a new connection, currently in state init
[0m23:34:32.381738 [debug] [Thread-2 (]: Opening a new connection, currently in state closed
[0m23:34:33.007853 [debug] [Thread-2 (]: BigQuery adapter: https://console.cloud.google.com/bigquery?project=project-c29d8542-a733-449a-996&j=bq:US:bccd5069-ef73-413b-8328-c1f9994bbc40&page=queryresults
[0m23:34:33.009109 [error] [Thread-2 (]: BigQuery adapter: https://console.cloud.google.com/bigquery?project=project-c29d8542-a733-449a-996&j=bq:US:bccd5069-ef73-413b-8328-c1f9994bbc40&page=queryresults
[0m23:34:33.033558 [debug] [Thread-2 (]: Database Error in test accepted_values_mart_cohort_privacy_readmitted_30__0__1 (models/schema.yml)
  No matching signature for operator IN for argument types INT64 and {STRING} at [28:23]
  compiled code at target/run/mimic_privacy/models/schema.yml/accepted_values_mart_cohort_privacy_readmitted_30__0__1.sql
[0m23:34:33.034296 [error] [Thread-2 (]: 2 of 28 ERROR accepted_values_mart_cohort_privacy_readmitted_30__0__1 .......... [[31mERROR[0m in 0.71s]
[0m23:34:33.034875 [debug] [Thread-2 (]: Finished running node test.mimic_privacy.accepted_values_mart_cohort_privacy_readmitted_30__0__1.acd889b8fe
[0m23:34:33.035277 [debug] [Thread-2 (]: Began running node test.mimic_privacy.accepted_values_stg_admissions_hospital_expire_flag__0__1.4ac5146c4d
[0m23:34:33.035822 [debug] [Thread-7 (]: Marking all children of 'test.mimic_privacy.accepted_values_mart_cohort_privacy_readmitted_30__0__1.acd889b8fe' to be skipped because of status 'error'.  Reason: Database Error in test accepted_values_mart_cohort_privacy_readmitted_30__0__1 (models/schema.yml)
  No matching signature for operator IN for argument types INT64 and {STRING} at [28:23]
  compiled code at target/run/mimic_privacy/models/schema.yml/accepted_values_mart_cohort_privacy_readmitted_30__0__1.sql.
[0m23:34:33.036257 [info ] [Thread-2 (]: 5 of 28 START test accepted_values_stg_admissions_hospital_expire_flag__0__1 ... [RUN]
[0m23:34:33.037531 [debug] [Thread-2 (]: Re-using an available connection from the pool (formerly test.mimic_privacy.accepted_values_mart_cohort_privacy_readmitted_30__0__1.acd889b8fe, now test.mimic_privacy.accepted_values_stg_admissions_hospital_expire_flag__0__1.4ac5146c4d)
[0m23:34:33.037908 [debug] [Thread-2 (]: Began compiling node test.mimic_privacy.accepted_values_stg_admissions_hospital_expire_flag__0__1.4ac5146c4d
[0m23:34:33.042187 [debug] [Thread-2 (]: Writing injected SQL for node "test.mimic_privacy.accepted_values_stg_admissions_hospital_expire_flag__0__1.4ac5146c4d"
[0m23:34:33.042924 [debug] [Thread-2 (]: Began executing node test.mimic_privacy.accepted_values_stg_admissions_hospital_expire_flag__0__1.4ac5146c4d
[0m23:34:33.044884 [debug] [Thread-2 (]: Writing runtime sql for node "test.mimic_privacy.accepted_values_stg_admissions_hospital_expire_flag__0__1.4ac5146c4d"
[0m23:34:33.046008 [debug] [Thread-3 (]: BigQuery adapter: https://console.cloud.google.com/bigquery?project=project-c29d8542-a733-449a-996&j=bq:US:011a3ae5-38f9-4c43-b34f-7fab79e811c1&page=queryresults
[0m23:34:33.046452 [debug] [Thread-2 (]: On test.mimic_privacy.accepted_values_stg_admissions_hospital_expire_flag__0__1.4ac5146c4d: /* {"app": "dbt", "dbt_version": "1.11.11", "profile_name": "mimic_privacy", "target_name": "dev", "node_id": "test.mimic_privacy.accepted_values_stg_admissions_hospital_expire_flag__0__1.4ac5146c4d"} */

    
    select
      count(*) as failures,
      count(*) != 0 as should_warn,
      count(*) != 0 as should_error
    from (
      
    
  
    
    

with all_values as (

    select
        hospital_expire_flag as value_field,
        count(*) as n_records

    from `project-c29d8542-a733-449a-996`.`capstone_final_dataset_staging`.`stg_admissions`
    group by hospital_expire_flag

)

select *
from all_values
where value_field not in (
    '0','1'
)



  
  
      
    ) dbt_internal_test
[0m23:34:33.047412 [debug] [Thread-2 (]: Opening a new connection, currently in state closed
[0m23:34:33.099119 [debug] [Thread-1 (]: BigQuery adapter: https://console.cloud.google.com/bigquery?project=project-c29d8542-a733-449a-996&j=bq:US:1aaa2315-fb38-4ed7-a35a-9e013bc1169d&page=queryresults
[0m23:34:33.099658 [error] [Thread-1 (]: BigQuery adapter: https://console.cloud.google.com/bigquery?project=project-c29d8542-a733-449a-996&j=bq:US:1aaa2315-fb38-4ed7-a35a-9e013bc1169d&page=queryresults
[0m23:34:33.104491 [debug] [Thread-1 (]: Database Error in test accepted_values_mart_cohort_privacy_hospital_expire_flag__0__1 (models/schema.yml)
  No matching signature for operator IN for argument types INT64 and {STRING} at [28:23]
  compiled code at target/run/mimic_privacy/models/schema.yml/accepted_values_mart_cohort_privacy_hospital_expire_flag__0__1.sql
[0m23:34:33.104941 [error] [Thread-1 (]: 1 of 28 ERROR accepted_values_mart_cohort_privacy_hospital_expire_flag__0__1 ... [[31mERROR[0m in 0.79s]
[0m23:34:33.105427 [debug] [Thread-1 (]: Finished running node test.mimic_privacy.accepted_values_mart_cohort_privacy_hospital_expire_flag__0__1.9db530e920
[0m23:34:33.105690 [debug] [Thread-1 (]: Began running node test.mimic_privacy.accepted_values_stg_admissions_readmitted_30__0__1.df1e849c46
[0m23:34:33.105915 [info ] [Thread-1 (]: 6 of 28 START test accepted_values_stg_admissions_readmitted_30__0__1 .......... [RUN]
[0m23:34:33.106258 [debug] [Thread-7 (]: Marking all children of 'test.mimic_privacy.accepted_values_mart_cohort_privacy_hospital_expire_flag__0__1.9db530e920' to be skipped because of status 'error'.  Reason: Database Error in test accepted_values_mart_cohort_privacy_hospital_expire_flag__0__1 (models/schema.yml)
  No matching signature for operator IN for argument types INT64 and {STRING} at [28:23]
  compiled code at target/run/mimic_privacy/models/schema.yml/accepted_values_mart_cohort_privacy_hospital_expire_flag__0__1.sql.
[0m23:34:33.106545 [debug] [Thread-1 (]: Re-using an available connection from the pool (formerly test.mimic_privacy.accepted_values_mart_cohort_privacy_hospital_expire_flag__0__1.9db530e920, now test.mimic_privacy.accepted_values_stg_admissions_readmitted_30__0__1.df1e849c46)
[0m23:34:33.106873 [debug] [Thread-1 (]: Began compiling node test.mimic_privacy.accepted_values_stg_admissions_readmitted_30__0__1.df1e849c46
[0m23:34:33.109661 [debug] [Thread-1 (]: Writing injected SQL for node "test.mimic_privacy.accepted_values_stg_admissions_readmitted_30__0__1.df1e849c46"
[0m23:34:33.110229 [debug] [Thread-1 (]: Began executing node test.mimic_privacy.accepted_values_stg_admissions_readmitted_30__0__1.df1e849c46
[0m23:34:33.111738 [debug] [Thread-1 (]: Writing runtime sql for node "test.mimic_privacy.accepted_values_stg_admissions_readmitted_30__0__1.df1e849c46"
[0m23:34:33.112199 [debug] [Thread-1 (]: On test.mimic_privacy.accepted_values_stg_admissions_readmitted_30__0__1.df1e849c46: /* {"app": "dbt", "dbt_version": "1.11.11", "profile_name": "mimic_privacy", "target_name": "dev", "node_id": "test.mimic_privacy.accepted_values_stg_admissions_readmitted_30__0__1.df1e849c46"} */

    
    select
      count(*) as failures,
      count(*) != 0 as should_warn,
      count(*) != 0 as should_error
    from (
      
    
  
    
    

with all_values as (

    select
        readmitted_30 as value_field,
        count(*) as n_records

    from `project-c29d8542-a733-449a-996`.`capstone_final_dataset_staging`.`stg_admissions`
    group by readmitted_30

)

select *
from all_values
where value_field not in (
    '0','1'
)



  
  
      
    ) dbt_internal_test
[0m23:34:33.112472 [debug] [Thread-1 (]: Opening a new connection, currently in state closed
[0m23:34:33.273759 [debug] [Thread-3 (]: SQL status: OK in 0.227 seconds
[0m23:34:33.427947 [debug] [Thread-4 (]: BigQuery adapter: https://console.cloud.google.com/bigquery?project=project-c29d8542-a733-449a-996&j=bq:US:6a6467ad-baa7-4e54-9839-b0f64c9a0056&page=queryresults
[0m23:34:33.677336 [debug] [Thread-1 (]: BigQuery adapter: https://console.cloud.google.com/bigquery?project=project-c29d8542-a733-449a-996&j=bq:US:30ec18c9-6310-4574-95cf-a3c30a40d32a&page=queryresults
[0m23:34:33.677912 [error] [Thread-1 (]: BigQuery adapter: https://console.cloud.google.com/bigquery?project=project-c29d8542-a733-449a-996&j=bq:US:30ec18c9-6310-4574-95cf-a3c30a40d32a&page=queryresults
[0m23:34:33.678961 [debug] [Thread-2 (]: BigQuery adapter: https://console.cloud.google.com/bigquery?project=project-c29d8542-a733-449a-996&j=bq:US:8cc9c1dc-bba9-4dd2-915f-39439d0d785d&page=queryresults
[0m23:34:33.681655 [error] [Thread-2 (]: BigQuery adapter: https://console.cloud.google.com/bigquery?project=project-c29d8542-a733-449a-996&j=bq:US:8cc9c1dc-bba9-4dd2-915f-39439d0d785d&page=queryresults
[0m23:34:33.687353 [debug] [Thread-2 (]: Database Error in test accepted_values_stg_admissions_hospital_expire_flag__0__1 (models/schema.yml)
  No matching signature for operator IN for argument types INT64 and {STRING} at [28:23]
  compiled code at target/run/mimic_privacy/models/schema.yml/accepted_values_stg_admissions_hospital_expire_flag__0__1.sql
[0m23:34:33.688276 [error] [Thread-2 (]: 5 of 28 ERROR accepted_values_stg_admissions_hospital_expire_flag__0__1 ........ [[31mERROR[0m in 0.65s]
[0m23:34:33.690641 [debug] [Thread-1 (]: Database Error in test accepted_values_stg_admissions_readmitted_30__0__1 (models/schema.yml)
  No matching signature for operator IN for argument types INT64 and {STRING} at [28:23]
  compiled code at target/run/mimic_privacy/models/schema.yml/accepted_values_stg_admissions_readmitted_30__0__1.sql
[0m23:34:33.691102 [debug] [Thread-2 (]: Finished running node test.mimic_privacy.accepted_values_stg_admissions_hospital_expire_flag__0__1.4ac5146c4d
[0m23:34:33.691458 [error] [Thread-1 (]: 6 of 28 ERROR accepted_values_stg_admissions_readmitted_30__0__1 ............... [[31mERROR[0m in 0.58s]
[0m23:34:33.691785 [debug] [Thread-2 (]: Began running node test.mimic_privacy.accepted_values_stg_admissions_reidentification_risk__low_risk__medium_risk__high_risk.48a899b136
[0m23:34:33.692168 [debug] [Thread-7 (]: Marking all children of 'test.mimic_privacy.accepted_values_stg_admissions_hospital_expire_flag__0__1.4ac5146c4d' to be skipped because of status 'error'.  Reason: Database Error in test accepted_values_stg_admissions_hospital_expire_flag__0__1 (models/schema.yml)
  No matching signature for operator IN for argument types INT64 and {STRING} at [28:23]
  compiled code at target/run/mimic_privacy/models/schema.yml/accepted_values_stg_admissions_hospital_expire_flag__0__1.sql.
[0m23:34:33.692545 [debug] [Thread-1 (]: Finished running node test.mimic_privacy.accepted_values_stg_admissions_readmitted_30__0__1.df1e849c46
[0m23:34:33.693225 [debug] [Thread-4 (]: SQL status: OK in 0.265 seconds
[0m23:34:33.693485 [info ] [Thread-2 (]: 7 of 28 START test accepted_values_stg_admissions_reidentification_risk__low_risk__medium_risk__high_risk  [RUN]
[0m23:34:33.693919 [debug] [Thread-1 (]: Began running node test.mimic_privacy.not_null_mart_cohort_privacy_dbt_loaded_at.c7f984014e
[0m23:34:33.694406 [debug] [Thread-7 (]: Marking all children of 'test.mimic_privacy.accepted_values_stg_admissions_readmitted_30__0__1.df1e849c46' to be skipped because of status 'error'.  Reason: Database Error in test accepted_values_stg_admissions_readmitted_30__0__1 (models/schema.yml)
  No matching signature for operator IN for argument types INT64 and {STRING} at [28:23]
  compiled code at target/run/mimic_privacy/models/schema.yml/accepted_values_stg_admissions_readmitted_30__0__1.sql.
[0m23:34:33.694716 [debug] [Thread-2 (]: Re-using an available connection from the pool (formerly test.mimic_privacy.accepted_values_stg_admissions_hospital_expire_flag__0__1.4ac5146c4d, now test.mimic_privacy.accepted_values_stg_admissions_reidentification_risk__low_risk__medium_risk__high_risk.48a899b136)
[0m23:34:33.695189 [info ] [Thread-1 (]: 8 of 28 START test not_null_mart_cohort_privacy_dbt_loaded_at .................. [RUN]
[0m23:34:33.695633 [debug] [Thread-2 (]: Began compiling node test.mimic_privacy.accepted_values_stg_admissions_reidentification_risk__low_risk__medium_risk__high_risk.48a899b136
[0m23:34:33.696002 [debug] [Thread-1 (]: Re-using an available connection from the pool (formerly test.mimic_privacy.accepted_values_stg_admissions_readmitted_30__0__1.df1e849c46, now test.mimic_privacy.not_null_mart_cohort_privacy_dbt_loaded_at.c7f984014e)
[0m23:34:33.699361 [debug] [Thread-2 (]: Writing injected SQL for node "test.mimic_privacy.accepted_values_stg_admissions_reidentification_risk__low_risk__medium_risk__high_risk.48a899b136"
[0m23:34:33.699785 [debug] [Thread-1 (]: Began compiling node test.mimic_privacy.not_null_mart_cohort_privacy_dbt_loaded_at.c7f984014e
[0m23:34:33.704803 [debug] [Thread-1 (]: Writing injected SQL for node "test.mimic_privacy.not_null_mart_cohort_privacy_dbt_loaded_at.c7f984014e"
[0m23:34:33.705228 [debug] [Thread-2 (]: Began executing node test.mimic_privacy.accepted_values_stg_admissions_reidentification_risk__low_risk__medium_risk__high_risk.48a899b136
[0m23:34:33.706632 [debug] [Thread-2 (]: Writing runtime sql for node "test.mimic_privacy.accepted_values_stg_admissions_reidentification_risk__low_risk__medium_risk__high_risk.48a899b136"
[0m23:34:33.706925 [debug] [Thread-1 (]: Began executing node test.mimic_privacy.not_null_mart_cohort_privacy_dbt_loaded_at.c7f984014e
[0m23:34:33.708286 [debug] [Thread-1 (]: Writing runtime sql for node "test.mimic_privacy.not_null_mart_cohort_privacy_dbt_loaded_at.c7f984014e"
[0m23:34:33.708638 [debug] [Thread-2 (]: On test.mimic_privacy.accepted_values_stg_admissions_reidentification_risk__low_risk__medium_risk__high_risk.48a899b136: /* {"app": "dbt", "dbt_version": "1.11.11", "profile_name": "mimic_privacy", "target_name": "dev", "node_id": "test.mimic_privacy.accepted_values_stg_admissions_reidentification_risk__low_risk__medium_risk__high_risk.48a899b136"} */

    
    select
      count(*) as failures,
      count(*) != 0 as should_warn,
      count(*) != 0 as should_error
    from (
      
    
  
    
    

with all_values as (

    select
        reidentification_risk as value_field,
        count(*) as n_records

    from `project-c29d8542-a733-449a-996`.`capstone_final_dataset_staging`.`stg_admissions`
    group by reidentification_risk

)

select *
from all_values
where value_field not in (
    'low_risk','medium_risk','high_risk'
)



  
  
      
    ) dbt_internal_test
[0m23:34:33.708948 [debug] [Thread-2 (]: Opening a new connection, currently in state closed
[0m23:34:33.709638 [debug] [Thread-1 (]: On test.mimic_privacy.not_null_mart_cohort_privacy_dbt_loaded_at.c7f984014e: /* {"app": "dbt", "dbt_version": "1.11.11", "profile_name": "mimic_privacy", "target_name": "dev", "node_id": "test.mimic_privacy.not_null_mart_cohort_privacy_dbt_loaded_at.c7f984014e"} */

    
    select
      count(*) as failures,
      count(*) != 0 as should_warn,
      count(*) != 0 as should_error
    from (
      
    
  
    
    



select dbt_loaded_at
from `project-c29d8542-a733-449a-996`.`capstone_final_dataset_marts`.`mart_cohort_privacy`
where dbt_loaded_at is null



  
  
      
    ) dbt_internal_test
[0m23:34:33.709926 [debug] [Thread-1 (]: Opening a new connection, currently in state closed
[0m23:34:33.757390 [info ] [Thread-3 (]: 3 of 28 PASS accepted_values_mart_cohort_privacy_reidentification_risk__low_risk__medium_risk__high_risk  [[32mPASS[0m in 1.44s]
[0m23:34:33.757831 [debug] [Thread-3 (]: Finished running node test.mimic_privacy.accepted_values_mart_cohort_privacy_reidentification_risk__low_risk__medium_risk__high_risk.5518961a2c
[0m23:34:33.758059 [debug] [Thread-3 (]: Began running node test.mimic_privacy.not_null_mart_cohort_privacy_hadm_id.1b7197cf65
[0m23:34:33.758267 [info ] [Thread-3 (]: 9 of 28 START test not_null_mart_cohort_privacy_hadm_id ........................ [RUN]
[0m23:34:33.758482 [debug] [Thread-3 (]: Re-using an available connection from the pool (formerly test.mimic_privacy.accepted_values_mart_cohort_privacy_reidentification_risk__low_risk__medium_risk__high_risk.5518961a2c, now test.mimic_privacy.not_null_mart_cohort_privacy_hadm_id.1b7197cf65)
[0m23:34:33.758658 [debug] [Thread-3 (]: Began compiling node test.mimic_privacy.not_null_mart_cohort_privacy_hadm_id.1b7197cf65
[0m23:34:33.760661 [debug] [Thread-3 (]: Writing injected SQL for node "test.mimic_privacy.not_null_mart_cohort_privacy_hadm_id.1b7197cf65"
[0m23:34:33.761365 [debug] [Thread-3 (]: Began executing node test.mimic_privacy.not_null_mart_cohort_privacy_hadm_id.1b7197cf65
[0m23:34:33.762413 [debug] [Thread-3 (]: Writing runtime sql for node "test.mimic_privacy.not_null_mart_cohort_privacy_hadm_id.1b7197cf65"
[0m23:34:33.762732 [debug] [Thread-3 (]: On test.mimic_privacy.not_null_mart_cohort_privacy_hadm_id.1b7197cf65: /* {"app": "dbt", "dbt_version": "1.11.11", "profile_name": "mimic_privacy", "target_name": "dev", "node_id": "test.mimic_privacy.not_null_mart_cohort_privacy_hadm_id.1b7197cf65"} */

    
    select
      count(*) as failures,
      count(*) != 0 as should_warn,
      count(*) != 0 as should_error
    from (
      
    
  
    
    



select hadm_id
from `project-c29d8542-a733-449a-996`.`capstone_final_dataset_marts`.`mart_cohort_privacy`
where hadm_id is null



  
  
      
    ) dbt_internal_test
[0m23:34:33.762935 [debug] [Thread-3 (]: Opening a new connection, currently in state closed
[0m23:34:34.127293 [info ] [Thread-4 (]: 4 of 28 PASS accepted_values_stg_admissions_ethnicity_grouped__White__Black_African_American__Hispanic_Latino__Asian__Other__Unknown  [[32mPASS[0m in 1.81s]
[0m23:34:34.128739 [debug] [Thread-4 (]: Finished running node test.mimic_privacy.accepted_values_stg_admissions_ethnicity_grouped__White__Black_African_American__Hispanic_Latino__Asian__Other__Unknown.94a2904c8a
[0m23:34:34.129400 [debug] [Thread-4 (]: Began running node test.mimic_privacy.not_null_mart_cohort_privacy_has_complete_labs.9499d6bc2e
[0m23:34:34.130440 [info ] [Thread-4 (]: 10 of 28 START test not_null_mart_cohort_privacy_has_complete_labs ............. [RUN]
[0m23:34:34.131315 [debug] [Thread-4 (]: Re-using an available connection from the pool (formerly test.mimic_privacy.accepted_values_stg_admissions_ethnicity_grouped__White__Black_African_American__Hispanic_Latino__Asian__Other__Unknown.94a2904c8a, now test.mimic_privacy.not_null_mart_cohort_privacy_has_complete_labs.9499d6bc2e)
[0m23:34:34.131920 [debug] [Thread-4 (]: Began compiling node test.mimic_privacy.not_null_mart_cohort_privacy_has_complete_labs.9499d6bc2e
[0m23:34:34.138072 [debug] [Thread-4 (]: Writing injected SQL for node "test.mimic_privacy.not_null_mart_cohort_privacy_has_complete_labs.9499d6bc2e"
[0m23:34:34.139247 [debug] [Thread-4 (]: Began executing node test.mimic_privacy.not_null_mart_cohort_privacy_has_complete_labs.9499d6bc2e
[0m23:34:34.142566 [debug] [Thread-4 (]: Writing runtime sql for node "test.mimic_privacy.not_null_mart_cohort_privacy_has_complete_labs.9499d6bc2e"
[0m23:34:34.143575 [debug] [Thread-4 (]: On test.mimic_privacy.not_null_mart_cohort_privacy_has_complete_labs.9499d6bc2e: /* {"app": "dbt", "dbt_version": "1.11.11", "profile_name": "mimic_privacy", "target_name": "dev", "node_id": "test.mimic_privacy.not_null_mart_cohort_privacy_has_complete_labs.9499d6bc2e"} */

    
    select
      count(*) as failures,
      count(*) != 0 as should_warn,
      count(*) != 0 as should_error
    from (
      
    
  
    
    



select has_complete_labs
from `project-c29d8542-a733-449a-996`.`capstone_final_dataset_marts`.`mart_cohort_privacy`
where has_complete_labs is null



  
  
      
    ) dbt_internal_test
[0m23:34:34.144088 [debug] [Thread-4 (]: Opening a new connection, currently in state closed
[0m23:34:34.329185 [debug] [Thread-1 (]: BigQuery adapter: https://console.cloud.google.com/bigquery?project=project-c29d8542-a733-449a-996&j=bq:US:4604a667-8d3b-46c9-8d01-a15fe48e8394&page=queryresults
[0m23:34:34.400042 [debug] [Thread-3 (]: BigQuery adapter: https://console.cloud.google.com/bigquery?project=project-c29d8542-a733-449a-996&j=bq:US:2a0dff20-9f02-42e9-aecf-97a3c78013dd&page=queryresults
[0m23:34:34.564091 [debug] [Thread-2 (]: BigQuery adapter: https://console.cloud.google.com/bigquery?project=project-c29d8542-a733-449a-996&j=bq:US:0d6a5015-7c96-42ac-8278-1f2b586f2545&page=queryresults
[0m23:34:34.619264 [debug] [Thread-1 (]: SQL status: OK in 0.289 seconds
[0m23:34:34.623138 [debug] [Thread-3 (]: SQL status: OK in 0.222 seconds
[0m23:34:34.780745 [debug] [Thread-4 (]: BigQuery adapter: https://console.cloud.google.com/bigquery?project=project-c29d8542-a733-449a-996&j=bq:US:a9b08f27-218a-45c7-a510-c938297596ad&page=queryresults
[0m23:34:34.871952 [debug] [Thread-2 (]: SQL status: OK in 0.306 seconds
[0m23:34:35.002107 [debug] [Thread-4 (]: SQL status: OK in 0.220 seconds
[0m23:34:35.024687 [info ] [Thread-1 (]: 8 of 28 PASS not_null_mart_cohort_privacy_dbt_loaded_at ........................ [[32mPASS[0m in 1.33s]
[0m23:34:35.025511 [debug] [Thread-1 (]: Finished running node test.mimic_privacy.not_null_mart_cohort_privacy_dbt_loaded_at.c7f984014e
[0m23:34:35.026062 [debug] [Thread-1 (]: Began running node test.mimic_privacy.not_null_mart_cohort_privacy_hospital_expire_flag.84543483dc
[0m23:34:35.026665 [info ] [Thread-1 (]: 11 of 28 START test not_null_mart_cohort_privacy_hospital_expire_flag .......... [RUN]
[0m23:34:35.027368 [debug] [Thread-1 (]: Re-using an available connection from the pool (formerly test.mimic_privacy.not_null_mart_cohort_privacy_dbt_loaded_at.c7f984014e, now test.mimic_privacy.not_null_mart_cohort_privacy_hospital_expire_flag.84543483dc)
[0m23:34:35.027897 [debug] [Thread-1 (]: Began compiling node test.mimic_privacy.not_null_mart_cohort_privacy_hospital_expire_flag.84543483dc
[0m23:34:35.033846 [debug] [Thread-1 (]: Writing injected SQL for node "test.mimic_privacy.not_null_mart_cohort_privacy_hospital_expire_flag.84543483dc"
[0m23:34:35.037631 [info ] [Thread-3 (]: 9 of 28 PASS not_null_mart_cohort_privacy_hadm_id .............................. [[32mPASS[0m in 1.28s]
[0m23:34:35.038359 [debug] [Thread-3 (]: Finished running node test.mimic_privacy.not_null_mart_cohort_privacy_hadm_id.1b7197cf65
[0m23:34:35.038793 [debug] [Thread-1 (]: Began executing node test.mimic_privacy.not_null_mart_cohort_privacy_hospital_expire_flag.84543483dc
[0m23:34:35.039281 [debug] [Thread-3 (]: Began running node test.mimic_privacy.not_null_mart_cohort_privacy_readmitted_30.773922b029
[0m23:34:35.042027 [debug] [Thread-1 (]: Writing runtime sql for node "test.mimic_privacy.not_null_mart_cohort_privacy_hospital_expire_flag.84543483dc"
[0m23:34:35.042469 [info ] [Thread-3 (]: 12 of 28 START test not_null_mart_cohort_privacy_readmitted_30 ................. [RUN]
[0m23:34:35.043242 [debug] [Thread-3 (]: Re-using an available connection from the pool (formerly test.mimic_privacy.not_null_mart_cohort_privacy_hadm_id.1b7197cf65, now test.mimic_privacy.not_null_mart_cohort_privacy_readmitted_30.773922b029)
[0m23:34:35.043721 [debug] [Thread-3 (]: Began compiling node test.mimic_privacy.not_null_mart_cohort_privacy_readmitted_30.773922b029
[0m23:34:35.048971 [debug] [Thread-3 (]: Writing injected SQL for node "test.mimic_privacy.not_null_mart_cohort_privacy_readmitted_30.773922b029"
[0m23:34:35.049589 [debug] [Thread-1 (]: On test.mimic_privacy.not_null_mart_cohort_privacy_hospital_expire_flag.84543483dc: /* {"app": "dbt", "dbt_version": "1.11.11", "profile_name": "mimic_privacy", "target_name": "dev", "node_id": "test.mimic_privacy.not_null_mart_cohort_privacy_hospital_expire_flag.84543483dc"} */

    
    select
      count(*) as failures,
      count(*) != 0 as should_warn,
      count(*) != 0 as should_error
    from (
      
    
  
    
    



select hospital_expire_flag
from `project-c29d8542-a733-449a-996`.`capstone_final_dataset_marts`.`mart_cohort_privacy`
where hospital_expire_flag is null



  
  
      
    ) dbt_internal_test
[0m23:34:35.050165 [debug] [Thread-1 (]: Opening a new connection, currently in state closed
[0m23:34:35.051978 [debug] [Thread-3 (]: Began executing node test.mimic_privacy.not_null_mart_cohort_privacy_readmitted_30.773922b029
[0m23:34:35.054603 [debug] [Thread-3 (]: Writing runtime sql for node "test.mimic_privacy.not_null_mart_cohort_privacy_readmitted_30.773922b029"
[0m23:34:35.055497 [debug] [Thread-3 (]: On test.mimic_privacy.not_null_mart_cohort_privacy_readmitted_30.773922b029: /* {"app": "dbt", "dbt_version": "1.11.11", "profile_name": "mimic_privacy", "target_name": "dev", "node_id": "test.mimic_privacy.not_null_mart_cohort_privacy_readmitted_30.773922b029"} */

    
    select
      count(*) as failures,
      count(*) != 0 as should_warn,
      count(*) != 0 as should_error
    from (
      
    
  
    
    



select readmitted_30
from `project-c29d8542-a733-449a-996`.`capstone_final_dataset_marts`.`mart_cohort_privacy`
where readmitted_30 is null



  
  
      
    ) dbt_internal_test
[0m23:34:35.055946 [debug] [Thread-3 (]: Opening a new connection, currently in state closed
[0m23:34:35.267531 [info ] [Thread-2 (]: 7 of 28 PASS accepted_values_stg_admissions_reidentification_risk__low_risk__medium_risk__high_risk  [[32mPASS[0m in 1.57s]
[0m23:34:35.268304 [debug] [Thread-2 (]: Finished running node test.mimic_privacy.accepted_values_stg_admissions_reidentification_risk__low_risk__medium_risk__high_risk.48a899b136
[0m23:34:35.268660 [debug] [Thread-2 (]: Began running node test.mimic_privacy.not_null_mart_cohort_privacy_reidentification_risk.68377bb124
[0m23:34:35.269001 [info ] [Thread-2 (]: 13 of 28 START test not_null_mart_cohort_privacy_reidentification_risk ......... [RUN]
[0m23:34:35.269356 [debug] [Thread-2 (]: Re-using an available connection from the pool (formerly test.mimic_privacy.accepted_values_stg_admissions_reidentification_risk__low_risk__medium_risk__high_risk.48a899b136, now test.mimic_privacy.not_null_mart_cohort_privacy_reidentification_risk.68377bb124)
[0m23:34:35.269671 [debug] [Thread-2 (]: Began compiling node test.mimic_privacy.not_null_mart_cohort_privacy_reidentification_risk.68377bb124
[0m23:34:35.273963 [debug] [Thread-2 (]: Writing injected SQL for node "test.mimic_privacy.not_null_mart_cohort_privacy_reidentification_risk.68377bb124"
[0m23:34:35.274735 [debug] [Thread-2 (]: Began executing node test.mimic_privacy.not_null_mart_cohort_privacy_reidentification_risk.68377bb124
[0m23:34:35.276602 [debug] [Thread-2 (]: Writing runtime sql for node "test.mimic_privacy.not_null_mart_cohort_privacy_reidentification_risk.68377bb124"
[0m23:34:35.277262 [debug] [Thread-2 (]: On test.mimic_privacy.not_null_mart_cohort_privacy_reidentification_risk.68377bb124: /* {"app": "dbt", "dbt_version": "1.11.11", "profile_name": "mimic_privacy", "target_name": "dev", "node_id": "test.mimic_privacy.not_null_mart_cohort_privacy_reidentification_risk.68377bb124"} */

    
    select
      count(*) as failures,
      count(*) != 0 as should_warn,
      count(*) != 0 as should_error
    from (
      
    
  
    
    



select reidentification_risk
from `project-c29d8542-a733-449a-996`.`capstone_final_dataset_marts`.`mart_cohort_privacy`
where reidentification_risk is null



  
  
      
    ) dbt_internal_test
[0m23:34:35.277612 [debug] [Thread-2 (]: Opening a new connection, currently in state closed
[0m23:34:35.390127 [info ] [Thread-4 (]: 10 of 28 PASS not_null_mart_cohort_privacy_has_complete_labs ................... [[32mPASS[0m in 1.26s]
[0m23:34:35.390815 [debug] [Thread-4 (]: Finished running node test.mimic_privacy.not_null_mart_cohort_privacy_has_complete_labs.9499d6bc2e
[0m23:34:35.391201 [debug] [Thread-4 (]: Began running node test.mimic_privacy.not_null_mart_cohort_privacy_subject_id.6c4b31c83a
[0m23:34:35.391575 [info ] [Thread-4 (]: 14 of 28 START test not_null_mart_cohort_privacy_subject_id .................... [RUN]
[0m23:34:35.392006 [debug] [Thread-4 (]: Re-using an available connection from the pool (formerly test.mimic_privacy.not_null_mart_cohort_privacy_has_complete_labs.9499d6bc2e, now test.mimic_privacy.not_null_mart_cohort_privacy_subject_id.6c4b31c83a)
[0m23:34:35.392334 [debug] [Thread-4 (]: Began compiling node test.mimic_privacy.not_null_mart_cohort_privacy_subject_id.6c4b31c83a
[0m23:34:35.396332 [debug] [Thread-4 (]: Writing injected SQL for node "test.mimic_privacy.not_null_mart_cohort_privacy_subject_id.6c4b31c83a"
[0m23:34:35.397186 [debug] [Thread-4 (]: Began executing node test.mimic_privacy.not_null_mart_cohort_privacy_subject_id.6c4b31c83a
[0m23:34:35.399174 [debug] [Thread-4 (]: Writing runtime sql for node "test.mimic_privacy.not_null_mart_cohort_privacy_subject_id.6c4b31c83a"
[0m23:34:35.400196 [debug] [Thread-4 (]: On test.mimic_privacy.not_null_mart_cohort_privacy_subject_id.6c4b31c83a: /* {"app": "dbt", "dbt_version": "1.11.11", "profile_name": "mimic_privacy", "target_name": "dev", "node_id": "test.mimic_privacy.not_null_mart_cohort_privacy_subject_id.6c4b31c83a"} */

    
    select
      count(*) as failures,
      count(*) != 0 as should_warn,
      count(*) != 0 as should_error
    from (
      
    
  
    
    



select subject_id
from `project-c29d8542-a733-449a-996`.`capstone_final_dataset_marts`.`mart_cohort_privacy`
where subject_id is null



  
  
      
    ) dbt_internal_test
[0m23:34:35.400585 [debug] [Thread-4 (]: Opening a new connection, currently in state closed
[0m23:34:35.766791 [debug] [Thread-3 (]: BigQuery adapter: https://console.cloud.google.com/bigquery?project=project-c29d8542-a733-449a-996&j=bq:US:c93dc28a-9e00-498d-8c51-129bfdaa2091&page=queryresults
[0m23:34:35.826048 [debug] [Thread-1 (]: BigQuery adapter: https://console.cloud.google.com/bigquery?project=project-c29d8542-a733-449a-996&j=bq:US:7603a447-6e8d-4c16-a20d-b1830fa9c1d4&page=queryresults
[0m23:34:35.990237 [debug] [Thread-2 (]: BigQuery adapter: https://console.cloud.google.com/bigquery?project=project-c29d8542-a733-449a-996&j=bq:US:943cade6-9280-4068-be01-0b1f5b329021&page=queryresults
[0m23:34:35.995816 [debug] [Thread-3 (]: SQL status: OK in 0.228 seconds
[0m23:34:36.053344 [debug] [Thread-1 (]: SQL status: OK in 0.226 seconds
[0m23:34:36.056284 [debug] [Thread-4 (]: BigQuery adapter: https://console.cloud.google.com/bigquery?project=project-c29d8542-a733-449a-996&j=bq:US:681d693d-996f-4bcc-8390-e7dd3bd1476d&page=queryresults
[0m23:34:36.213290 [debug] [Thread-2 (]: SQL status: OK in 0.222 seconds
[0m23:34:36.284336 [debug] [Thread-4 (]: SQL status: OK in 0.227 seconds
[0m23:34:36.439157 [info ] [Thread-1 (]: 11 of 28 PASS not_null_mart_cohort_privacy_hospital_expire_flag ................ [[32mPASS[0m in 1.41s]
[0m23:34:36.440629 [debug] [Thread-1 (]: Finished running node test.mimic_privacy.not_null_mart_cohort_privacy_hospital_expire_flag.84543483dc
[0m23:34:36.441329 [debug] [Thread-1 (]: Began running node test.mimic_privacy.not_null_stg_admissions_age_at_admission.6e32f8ebe9
[0m23:34:36.442523 [info ] [Thread-1 (]: 15 of 28 START test not_null_stg_admissions_age_at_admission ................... [RUN]
[0m23:34:36.443530 [debug] [Thread-1 (]: Re-using an available connection from the pool (formerly test.mimic_privacy.not_null_mart_cohort_privacy_hospital_expire_flag.84543483dc, now test.mimic_privacy.not_null_stg_admissions_age_at_admission.6e32f8ebe9)
[0m23:34:36.444079 [debug] [Thread-1 (]: Began compiling node test.mimic_privacy.not_null_stg_admissions_age_at_admission.6e32f8ebe9
[0m23:34:36.451199 [debug] [Thread-1 (]: Writing injected SQL for node "test.mimic_privacy.not_null_stg_admissions_age_at_admission.6e32f8ebe9"
[0m23:34:36.452463 [debug] [Thread-1 (]: Began executing node test.mimic_privacy.not_null_stg_admissions_age_at_admission.6e32f8ebe9
[0m23:34:36.455282 [debug] [Thread-1 (]: Writing runtime sql for node "test.mimic_privacy.not_null_stg_admissions_age_at_admission.6e32f8ebe9"
[0m23:34:36.456099 [debug] [Thread-1 (]: On test.mimic_privacy.not_null_stg_admissions_age_at_admission.6e32f8ebe9: /* {"app": "dbt", "dbt_version": "1.11.11", "profile_name": "mimic_privacy", "target_name": "dev", "node_id": "test.mimic_privacy.not_null_stg_admissions_age_at_admission.6e32f8ebe9"} */

    
    select
      count(*) as failures,
      count(*) != 0 as should_warn,
      count(*) != 0 as should_error
    from (
      
    
  
    
    



select age_at_admission
from `project-c29d8542-a733-449a-996`.`capstone_final_dataset_staging`.`stg_admissions`
where age_at_admission is null



  
  
      
    ) dbt_internal_test
[0m23:34:36.456586 [debug] [Thread-1 (]: Opening a new connection, currently in state closed
[0m23:34:36.462026 [info ] [Thread-3 (]: 12 of 28 PASS not_null_mart_cohort_privacy_readmitted_30 ....................... [[32mPASS[0m in 1.42s]
[0m23:34:36.462828 [debug] [Thread-3 (]: Finished running node test.mimic_privacy.not_null_mart_cohort_privacy_readmitted_30.773922b029
[0m23:34:36.463260 [debug] [Thread-3 (]: Began running node test.mimic_privacy.not_null_stg_admissions_age_band.2c9519be3d
[0m23:34:36.463701 [info ] [Thread-3 (]: 16 of 28 START test not_null_stg_admissions_age_band ........................... [RUN]
[0m23:34:36.464222 [debug] [Thread-3 (]: Re-using an available connection from the pool (formerly test.mimic_privacy.not_null_mart_cohort_privacy_readmitted_30.773922b029, now test.mimic_privacy.not_null_stg_admissions_age_band.2c9519be3d)
[0m23:34:36.464968 [debug] [Thread-3 (]: Began compiling node test.mimic_privacy.not_null_stg_admissions_age_band.2c9519be3d
[0m23:34:36.469793 [debug] [Thread-3 (]: Writing injected SQL for node "test.mimic_privacy.not_null_stg_admissions_age_band.2c9519be3d"
[0m23:34:36.470616 [debug] [Thread-3 (]: Began executing node test.mimic_privacy.not_null_stg_admissions_age_band.2c9519be3d
[0m23:34:36.472814 [debug] [Thread-3 (]: Writing runtime sql for node "test.mimic_privacy.not_null_stg_admissions_age_band.2c9519be3d"
[0m23:34:36.473561 [debug] [Thread-3 (]: On test.mimic_privacy.not_null_stg_admissions_age_band.2c9519be3d: /* {"app": "dbt", "dbt_version": "1.11.11", "profile_name": "mimic_privacy", "target_name": "dev", "node_id": "test.mimic_privacy.not_null_stg_admissions_age_band.2c9519be3d"} */

    
    select
      count(*) as failures,
      count(*) != 0 as should_warn,
      count(*) != 0 as should_error
    from (
      
    
  
    
    



select age_band
from `project-c29d8542-a733-449a-996`.`capstone_final_dataset_staging`.`stg_admissions`
where age_band is null



  
  
      
    ) dbt_internal_test
[0m23:34:36.474129 [debug] [Thread-3 (]: Opening a new connection, currently in state closed
[0m23:34:36.595904 [info ] [Thread-4 (]: 14 of 28 PASS not_null_mart_cohort_privacy_subject_id .......................... [[32mPASS[0m in 1.20s]
[0m23:34:36.596520 [debug] [Thread-4 (]: Finished running node test.mimic_privacy.not_null_mart_cohort_privacy_subject_id.6c4b31c83a
[0m23:34:36.596824 [debug] [Thread-4 (]: Began running node test.mimic_privacy.not_null_stg_admissions_ethnicity_grouped.3f32fbe626
[0m23:34:36.597128 [info ] [Thread-4 (]: 17 of 28 START test not_null_stg_admissions_ethnicity_grouped .................. [RUN]
[0m23:34:36.597433 [debug] [Thread-4 (]: Re-using an available connection from the pool (formerly test.mimic_privacy.not_null_mart_cohort_privacy_subject_id.6c4b31c83a, now test.mimic_privacy.not_null_stg_admissions_ethnicity_grouped.3f32fbe626)
[0m23:34:36.597691 [debug] [Thread-4 (]: Began compiling node test.mimic_privacy.not_null_stg_admissions_ethnicity_grouped.3f32fbe626
[0m23:34:36.601161 [debug] [Thread-4 (]: Writing injected SQL for node "test.mimic_privacy.not_null_stg_admissions_ethnicity_grouped.3f32fbe626"
[0m23:34:36.601786 [debug] [Thread-4 (]: Began executing node test.mimic_privacy.not_null_stg_admissions_ethnicity_grouped.3f32fbe626
[0m23:34:36.603620 [debug] [Thread-4 (]: Writing runtime sql for node "test.mimic_privacy.not_null_stg_admissions_ethnicity_grouped.3f32fbe626"
[0m23:34:36.604248 [debug] [Thread-4 (]: On test.mimic_privacy.not_null_stg_admissions_ethnicity_grouped.3f32fbe626: /* {"app": "dbt", "dbt_version": "1.11.11", "profile_name": "mimic_privacy", "target_name": "dev", "node_id": "test.mimic_privacy.not_null_stg_admissions_ethnicity_grouped.3f32fbe626"} */

    
    select
      count(*) as failures,
      count(*) != 0 as should_warn,
      count(*) != 0 as should_error
    from (
      
    
  
    
    



select ethnicity_grouped
from `project-c29d8542-a733-449a-996`.`capstone_final_dataset_staging`.`stg_admissions`
where ethnicity_grouped is null



  
  
      
    ) dbt_internal_test
[0m23:34:36.604608 [debug] [Thread-4 (]: Opening a new connection, currently in state closed
[0m23:34:36.660009 [info ] [Thread-2 (]: 13 of 28 PASS not_null_mart_cohort_privacy_reidentification_risk ............... [[32mPASS[0m in 1.39s]
[0m23:34:36.660563 [debug] [Thread-2 (]: Finished running node test.mimic_privacy.not_null_mart_cohort_privacy_reidentification_risk.68377bb124
[0m23:34:36.660837 [debug] [Thread-2 (]: Began running node test.mimic_privacy.not_null_stg_admissions_hadm_id.29c23e14e9
[0m23:34:36.661054 [info ] [Thread-2 (]: 18 of 28 START test not_null_stg_admissions_hadm_id ............................ [RUN]
[0m23:34:36.661339 [debug] [Thread-2 (]: Re-using an available connection from the pool (formerly test.mimic_privacy.not_null_mart_cohort_privacy_reidentification_risk.68377bb124, now test.mimic_privacy.not_null_stg_admissions_hadm_id.29c23e14e9)
[0m23:34:36.661614 [debug] [Thread-2 (]: Began compiling node test.mimic_privacy.not_null_stg_admissions_hadm_id.29c23e14e9
[0m23:34:36.664506 [debug] [Thread-2 (]: Writing injected SQL for node "test.mimic_privacy.not_null_stg_admissions_hadm_id.29c23e14e9"
[0m23:34:36.665023 [debug] [Thread-2 (]: Began executing node test.mimic_privacy.not_null_stg_admissions_hadm_id.29c23e14e9
[0m23:34:36.666275 [debug] [Thread-2 (]: Writing runtime sql for node "test.mimic_privacy.not_null_stg_admissions_hadm_id.29c23e14e9"
[0m23:34:36.666836 [debug] [Thread-2 (]: On test.mimic_privacy.not_null_stg_admissions_hadm_id.29c23e14e9: /* {"app": "dbt", "dbt_version": "1.11.11", "profile_name": "mimic_privacy", "target_name": "dev", "node_id": "test.mimic_privacy.not_null_stg_admissions_hadm_id.29c23e14e9"} */

    
    select
      count(*) as failures,
      count(*) != 0 as should_warn,
      count(*) != 0 as should_error
    from (
      
    
  
    
    



select hadm_id
from `project-c29d8542-a733-449a-996`.`capstone_final_dataset_staging`.`stg_admissions`
where hadm_id is null



  
  
      
    ) dbt_internal_test
[0m23:34:36.667128 [debug] [Thread-2 (]: Opening a new connection, currently in state closed
[0m23:34:37.305866 [debug] [Thread-1 (]: BigQuery adapter: https://console.cloud.google.com/bigquery?project=project-c29d8542-a733-449a-996&j=bq:US:869b4bc6-9d43-4d25-8fd6-22495431c3f3&page=queryresults
[0m23:34:37.387598 [debug] [Thread-2 (]: BigQuery adapter: https://console.cloud.google.com/bigquery?project=project-c29d8542-a733-449a-996&j=bq:US:ded01500-b53a-4b56-8312-c16cd786b72d&page=queryresults
[0m23:34:37.400282 [debug] [Thread-4 (]: BigQuery adapter: https://console.cloud.google.com/bigquery?project=project-c29d8542-a733-449a-996&j=bq:US:d83fb065-6092-4359-9638-0b4b903a13a6&page=queryresults
[0m23:34:37.512096 [debug] [Thread-1 (]: SQL status: OK in 0.205 seconds
[0m23:34:37.587653 [debug] [Thread-2 (]: SQL status: OK in 0.199 seconds
[0m23:34:37.592500 [debug] [Thread-4 (]: SQL status: OK in 0.192 seconds
[0m23:34:37.926687 [info ] [Thread-1 (]: 15 of 28 PASS not_null_stg_admissions_age_at_admission ......................... [[32mPASS[0m in 1.48s]
[0m23:34:37.927326 [debug] [Thread-1 (]: Finished running node test.mimic_privacy.not_null_stg_admissions_age_at_admission.6e32f8ebe9
[0m23:34:37.927675 [debug] [Thread-1 (]: Began running node test.mimic_privacy.not_null_stg_admissions_hospital_expire_flag.54711cbc6f
[0m23:34:37.928101 [info ] [Thread-1 (]: 19 of 28 START test not_null_stg_admissions_hospital_expire_flag ............... [RUN]
[0m23:34:37.928557 [debug] [Thread-1 (]: Re-using an available connection from the pool (formerly test.mimic_privacy.not_null_stg_admissions_age_at_admission.6e32f8ebe9, now test.mimic_privacy.not_null_stg_admissions_hospital_expire_flag.54711cbc6f)
[0m23:34:37.928901 [debug] [Thread-1 (]: Began compiling node test.mimic_privacy.not_null_stg_admissions_hospital_expire_flag.54711cbc6f
[0m23:34:37.932555 [debug] [Thread-1 (]: Writing injected SQL for node "test.mimic_privacy.not_null_stg_admissions_hospital_expire_flag.54711cbc6f"
[0m23:34:37.933215 [debug] [Thread-1 (]: Began executing node test.mimic_privacy.not_null_stg_admissions_hospital_expire_flag.54711cbc6f
[0m23:34:37.935192 [debug] [Thread-1 (]: Writing runtime sql for node "test.mimic_privacy.not_null_stg_admissions_hospital_expire_flag.54711cbc6f"
[0m23:34:37.935870 [debug] [Thread-1 (]: On test.mimic_privacy.not_null_stg_admissions_hospital_expire_flag.54711cbc6f: /* {"app": "dbt", "dbt_version": "1.11.11", "profile_name": "mimic_privacy", "target_name": "dev", "node_id": "test.mimic_privacy.not_null_stg_admissions_hospital_expire_flag.54711cbc6f"} */

    
    select
      count(*) as failures,
      count(*) != 0 as should_warn,
      count(*) != 0 as should_error
    from (
      
    
  
    
    



select hospital_expire_flag
from `project-c29d8542-a733-449a-996`.`capstone_final_dataset_staging`.`stg_admissions`
where hospital_expire_flag is null



  
  
      
    ) dbt_internal_test
[0m23:34:37.936300 [debug] [Thread-1 (]: Opening a new connection, currently in state closed
[0m23:34:37.955886 [info ] [Thread-2 (]: 18 of 28 PASS not_null_stg_admissions_hadm_id .................................. [[32mPASS[0m in 1.29s]
[0m23:34:37.956350 [debug] [Thread-2 (]: Finished running node test.mimic_privacy.not_null_stg_admissions_hadm_id.29c23e14e9
[0m23:34:37.956588 [debug] [Thread-2 (]: Began running node test.mimic_privacy.not_null_stg_admissions_readmitted_30.295560d5c8
[0m23:34:37.956809 [info ] [Thread-2 (]: 20 of 28 START test not_null_stg_admissions_readmitted_30 ...................... [RUN]
[0m23:34:37.957040 [debug] [Thread-2 (]: Re-using an available connection from the pool (formerly test.mimic_privacy.not_null_stg_admissions_hadm_id.29c23e14e9, now test.mimic_privacy.not_null_stg_admissions_readmitted_30.295560d5c8)
[0m23:34:37.957238 [debug] [Thread-2 (]: Began compiling node test.mimic_privacy.not_null_stg_admissions_readmitted_30.295560d5c8
[0m23:34:37.959746 [debug] [Thread-2 (]: Writing injected SQL for node "test.mimic_privacy.not_null_stg_admissions_readmitted_30.295560d5c8"
[0m23:34:37.960261 [debug] [Thread-2 (]: Began executing node test.mimic_privacy.not_null_stg_admissions_readmitted_30.295560d5c8
[0m23:34:37.962089 [debug] [Thread-2 (]: Writing runtime sql for node "test.mimic_privacy.not_null_stg_admissions_readmitted_30.295560d5c8"
[0m23:34:37.963126 [debug] [Thread-2 (]: On test.mimic_privacy.not_null_stg_admissions_readmitted_30.295560d5c8: /* {"app": "dbt", "dbt_version": "1.11.11", "profile_name": "mimic_privacy", "target_name": "dev", "node_id": "test.mimic_privacy.not_null_stg_admissions_readmitted_30.295560d5c8"} */

    
    select
      count(*) as failures,
      count(*) != 0 as should_warn,
      count(*) != 0 as should_error
    from (
      
    
  
    
    



select readmitted_30
from `project-c29d8542-a733-449a-996`.`capstone_final_dataset_staging`.`stg_admissions`
where readmitted_30 is null



  
  
      
    ) dbt_internal_test
[0m23:34:37.963534 [debug] [Thread-2 (]: Opening a new connection, currently in state closed
[0m23:34:37.968175 [info ] [Thread-4 (]: 17 of 28 PASS not_null_stg_admissions_ethnicity_grouped ........................ [[32mPASS[0m in 1.37s]
[0m23:34:37.968581 [debug] [Thread-4 (]: Finished running node test.mimic_privacy.not_null_stg_admissions_ethnicity_grouped.3f32fbe626
[0m23:34:37.968820 [debug] [Thread-4 (]: Began running node test.mimic_privacy.not_null_stg_admissions_reidentification_risk.4a5aa2ff06
[0m23:34:37.969016 [info ] [Thread-4 (]: 21 of 28 START test not_null_stg_admissions_reidentification_risk .............. [RUN]
[0m23:34:37.969270 [debug] [Thread-4 (]: Re-using an available connection from the pool (formerly test.mimic_privacy.not_null_stg_admissions_ethnicity_grouped.3f32fbe626, now test.mimic_privacy.not_null_stg_admissions_reidentification_risk.4a5aa2ff06)
[0m23:34:37.969457 [debug] [Thread-4 (]: Began compiling node test.mimic_privacy.not_null_stg_admissions_reidentification_risk.4a5aa2ff06
[0m23:34:37.971713 [debug] [Thread-4 (]: Writing injected SQL for node "test.mimic_privacy.not_null_stg_admissions_reidentification_risk.4a5aa2ff06"
[0m23:34:37.972139 [debug] [Thread-4 (]: Began executing node test.mimic_privacy.not_null_stg_admissions_reidentification_risk.4a5aa2ff06
[0m23:34:37.976472 [debug] [Thread-4 (]: Writing runtime sql for node "test.mimic_privacy.not_null_stg_admissions_reidentification_risk.4a5aa2ff06"
[0m23:34:37.977014 [debug] [Thread-4 (]: On test.mimic_privacy.not_null_stg_admissions_reidentification_risk.4a5aa2ff06: /* {"app": "dbt", "dbt_version": "1.11.11", "profile_name": "mimic_privacy", "target_name": "dev", "node_id": "test.mimic_privacy.not_null_stg_admissions_reidentification_risk.4a5aa2ff06"} */

    
    select
      count(*) as failures,
      count(*) != 0 as should_warn,
      count(*) != 0 as should_error
    from (
      
    
  
    
    



select reidentification_risk
from `project-c29d8542-a733-449a-996`.`capstone_final_dataset_staging`.`stg_admissions`
where reidentification_risk is null



  
  
      
    ) dbt_internal_test
[0m23:34:37.977249 [debug] [Thread-4 (]: Opening a new connection, currently in state closed
[0m23:34:38.632261 [debug] [Thread-1 (]: BigQuery adapter: https://console.cloud.google.com/bigquery?project=project-c29d8542-a733-449a-996&j=bq:US:7db6c863-1085-4dbd-a213-b02fcccf4904&page=queryresults
[0m23:34:38.632794 [debug] [Thread-3 (]: BigQuery adapter: https://console.cloud.google.com/bigquery?project=project-c29d8542-a733-449a-996&j=bq:US:eae34075-70fe-4793-b0b6-57fc2004e842&page=queryresults
[0m23:34:38.670075 [debug] [Thread-4 (]: BigQuery adapter: https://console.cloud.google.com/bigquery?project=project-c29d8542-a733-449a-996&j=bq:US:f02ed712-bbee-4b0d-a61d-026758a7912e&page=queryresults
[0m23:34:38.886562 [debug] [Thread-1 (]: SQL status: OK in 0.253 seconds
[0m23:34:38.887456 [debug] [Thread-4 (]: SQL status: OK in 0.217 seconds
[0m23:34:38.987490 [debug] [Thread-3 (]: SQL status: OK in 0.354 seconds
[0m23:34:38.999511 [debug] [Thread-2 (]: BigQuery adapter: https://console.cloud.google.com/bigquery?project=project-c29d8542-a733-449a-996&j=bq:US:9b7cf7d1-b071-452a-9e7d-f0029145a182&page=queryresults
[0m23:34:39.136988 [debug] [Thread-2 (]: SQL status: OK in 0.137 seconds
[0m23:34:39.267082 [info ] [Thread-4 (]: 21 of 28 PASS not_null_stg_admissions_reidentification_risk .................... [[32mPASS[0m in 1.30s]
[0m23:34:39.268090 [debug] [Thread-4 (]: Finished running node test.mimic_privacy.not_null_stg_admissions_reidentification_risk.4a5aa2ff06
[0m23:34:39.268686 [debug] [Thread-4 (]: Began running node test.mimic_privacy.not_null_stg_admissions_subject_id.fa20d4b963
[0m23:34:39.269286 [info ] [Thread-4 (]: 22 of 28 START test not_null_stg_admissions_subject_id ......................... [RUN]
[0m23:34:39.270049 [debug] [Thread-4 (]: Re-using an available connection from the pool (formerly test.mimic_privacy.not_null_stg_admissions_reidentification_risk.4a5aa2ff06, now test.mimic_privacy.not_null_stg_admissions_subject_id.fa20d4b963)
[0m23:34:39.270654 [debug] [Thread-4 (]: Began compiling node test.mimic_privacy.not_null_stg_admissions_subject_id.fa20d4b963
[0m23:34:39.276759 [debug] [Thread-4 (]: Writing injected SQL for node "test.mimic_privacy.not_null_stg_admissions_subject_id.fa20d4b963"
[0m23:34:39.277911 [debug] [Thread-4 (]: Began executing node test.mimic_privacy.not_null_stg_admissions_subject_id.fa20d4b963
[0m23:34:39.281924 [debug] [Thread-4 (]: Writing runtime sql for node "test.mimic_privacy.not_null_stg_admissions_subject_id.fa20d4b963"
[0m23:34:39.282989 [debug] [Thread-4 (]: On test.mimic_privacy.not_null_stg_admissions_subject_id.fa20d4b963: /* {"app": "dbt", "dbt_version": "1.11.11", "profile_name": "mimic_privacy", "target_name": "dev", "node_id": "test.mimic_privacy.not_null_stg_admissions_subject_id.fa20d4b963"} */

    
    select
      count(*) as failures,
      count(*) != 0 as should_warn,
      count(*) != 0 as should_error
    from (
      
    
  
    
    



select subject_id
from `project-c29d8542-a733-449a-996`.`capstone_final_dataset_staging`.`stg_admissions`
where subject_id is null



  
  
      
    ) dbt_internal_test
[0m23:34:39.283522 [debug] [Thread-4 (]: Opening a new connection, currently in state closed
[0m23:34:39.303876 [info ] [Thread-1 (]: 19 of 28 PASS not_null_stg_admissions_hospital_expire_flag ..................... [[32mPASS[0m in 1.38s]
[0m23:34:39.305393 [debug] [Thread-1 (]: Finished running node test.mimic_privacy.not_null_stg_admissions_hospital_expire_flag.54711cbc6f
[0m23:34:39.305927 [debug] [Thread-1 (]: Began running node test.mimic_privacy.not_null_stg_lab_features_hadm_id.cf60b75d90
[0m23:34:39.306423 [info ] [Thread-1 (]: 23 of 28 START test not_null_stg_lab_features_hadm_id .......................... [RUN]
[0m23:34:39.306891 [debug] [Thread-1 (]: Re-using an available connection from the pool (formerly test.mimic_privacy.not_null_stg_admissions_hospital_expire_flag.54711cbc6f, now test.mimic_privacy.not_null_stg_lab_features_hadm_id.cf60b75d90)
[0m23:34:39.307283 [debug] [Thread-1 (]: Began compiling node test.mimic_privacy.not_null_stg_lab_features_hadm_id.cf60b75d90
[0m23:34:39.311952 [debug] [Thread-1 (]: Writing injected SQL for node "test.mimic_privacy.not_null_stg_lab_features_hadm_id.cf60b75d90"
[0m23:34:39.312863 [debug] [Thread-1 (]: Began executing node test.mimic_privacy.not_null_stg_lab_features_hadm_id.cf60b75d90
[0m23:34:39.316202 [debug] [Thread-1 (]: Writing runtime sql for node "test.mimic_privacy.not_null_stg_lab_features_hadm_id.cf60b75d90"
[0m23:34:39.317091 [debug] [Thread-1 (]: On test.mimic_privacy.not_null_stg_lab_features_hadm_id.cf60b75d90: /* {"app": "dbt", "dbt_version": "1.11.11", "profile_name": "mimic_privacy", "target_name": "dev", "node_id": "test.mimic_privacy.not_null_stg_lab_features_hadm_id.cf60b75d90"} */

    
    select
      count(*) as failures,
      count(*) != 0 as should_warn,
      count(*) != 0 as should_error
    from (
      
    
  
    
    



select hadm_id
from `project-c29d8542-a733-449a-996`.`capstone_final_dataset_staging`.`stg_lab_features`
where hadm_id is null



  
  
      
    ) dbt_internal_test
[0m23:34:39.317525 [debug] [Thread-1 (]: Opening a new connection, currently in state closed
[0m23:34:39.503240 [info ] [Thread-3 (]: 16 of 28 PASS not_null_stg_admissions_age_band ................................. [[32mPASS[0m in 3.04s]
[0m23:34:39.504026 [debug] [Thread-3 (]: Finished running node test.mimic_privacy.not_null_stg_admissions_age_band.2c9519be3d
[0m23:34:39.504468 [debug] [Thread-3 (]: Began running node test.mimic_privacy.not_null_stg_lab_features_has_complete_labs.0a8850dc73
[0m23:34:39.504974 [info ] [Thread-3 (]: 24 of 28 START test not_null_stg_lab_features_has_complete_labs ................ [RUN]
[0m23:34:39.505543 [debug] [Thread-3 (]: Re-using an available connection from the pool (formerly test.mimic_privacy.not_null_stg_admissions_age_band.2c9519be3d, now test.mimic_privacy.not_null_stg_lab_features_has_complete_labs.0a8850dc73)
[0m23:34:39.505968 [debug] [Thread-3 (]: Began compiling node test.mimic_privacy.not_null_stg_lab_features_has_complete_labs.0a8850dc73
[0m23:34:39.510912 [debug] [Thread-3 (]: Writing injected SQL for node "test.mimic_privacy.not_null_stg_lab_features_has_complete_labs.0a8850dc73"
[0m23:34:39.511738 [debug] [Thread-3 (]: Began executing node test.mimic_privacy.not_null_stg_lab_features_has_complete_labs.0a8850dc73
[0m23:34:39.514499 [debug] [Thread-3 (]: Writing runtime sql for node "test.mimic_privacy.not_null_stg_lab_features_has_complete_labs.0a8850dc73"
[0m23:34:39.515387 [debug] [Thread-3 (]: On test.mimic_privacy.not_null_stg_lab_features_has_complete_labs.0a8850dc73: /* {"app": "dbt", "dbt_version": "1.11.11", "profile_name": "mimic_privacy", "target_name": "dev", "node_id": "test.mimic_privacy.not_null_stg_lab_features_has_complete_labs.0a8850dc73"} */

    
    select
      count(*) as failures,
      count(*) != 0 as should_warn,
      count(*) != 0 as should_error
    from (
      
    
  
    
    



select has_complete_labs
from `project-c29d8542-a733-449a-996`.`capstone_final_dataset_staging`.`stg_lab_features`
where has_complete_labs is null



  
  
      
    ) dbt_internal_test
[0m23:34:39.515880 [debug] [Thread-3 (]: Opening a new connection, currently in state closed
[0m23:34:39.527369 [info ] [Thread-2 (]: 20 of 28 PASS not_null_stg_admissions_readmitted_30 ............................ [[32mPASS[0m in 1.57s]
[0m23:34:39.528031 [debug] [Thread-2 (]: Finished running node test.mimic_privacy.not_null_stg_admissions_readmitted_30.295560d5c8
[0m23:34:39.528402 [debug] [Thread-2 (]: Began running node test.mimic_privacy.not_null_stg_lab_features_subject_id.900909f3cf
[0m23:34:39.528819 [info ] [Thread-2 (]: 25 of 28 START test not_null_stg_lab_features_subject_id ....................... [RUN]
[0m23:34:39.529279 [debug] [Thread-2 (]: Re-using an available connection from the pool (formerly test.mimic_privacy.not_null_stg_admissions_readmitted_30.295560d5c8, now test.mimic_privacy.not_null_stg_lab_features_subject_id.900909f3cf)
[0m23:34:39.529621 [debug] [Thread-2 (]: Began compiling node test.mimic_privacy.not_null_stg_lab_features_subject_id.900909f3cf
[0m23:34:39.534051 [debug] [Thread-2 (]: Writing injected SQL for node "test.mimic_privacy.not_null_stg_lab_features_subject_id.900909f3cf"
[0m23:34:39.534938 [debug] [Thread-2 (]: Began executing node test.mimic_privacy.not_null_stg_lab_features_subject_id.900909f3cf
[0m23:34:39.536933 [debug] [Thread-2 (]: Writing runtime sql for node "test.mimic_privacy.not_null_stg_lab_features_subject_id.900909f3cf"
[0m23:34:39.537532 [debug] [Thread-2 (]: On test.mimic_privacy.not_null_stg_lab_features_subject_id.900909f3cf: /* {"app": "dbt", "dbt_version": "1.11.11", "profile_name": "mimic_privacy", "target_name": "dev", "node_id": "test.mimic_privacy.not_null_stg_lab_features_subject_id.900909f3cf"} */

    
    select
      count(*) as failures,
      count(*) != 0 as should_warn,
      count(*) != 0 as should_error
    from (
      
    
  
    
    



select subject_id
from `project-c29d8542-a733-449a-996`.`capstone_final_dataset_staging`.`stg_lab_features`
where subject_id is null



  
  
      
    ) dbt_internal_test
[0m23:34:39.537889 [debug] [Thread-2 (]: Opening a new connection, currently in state closed
[0m23:34:39.965690 [debug] [Thread-4 (]: BigQuery adapter: https://console.cloud.google.com/bigquery?project=project-c29d8542-a733-449a-996&j=bq:US:b74c3085-8a70-41b8-94a0-ad76a2c2994f&page=queryresults
[0m23:34:40.202822 [debug] [Thread-4 (]: SQL status: OK in 0.236 seconds
[0m23:34:40.217373 [debug] [Thread-1 (]: BigQuery adapter: https://console.cloud.google.com/bigquery?project=project-c29d8542-a733-449a-996&j=bq:US:5ef4ce5e-2592-4f1c-82f4-0c412263722e&page=queryresults
[0m23:34:40.251531 [debug] [Thread-2 (]: BigQuery adapter: https://console.cloud.google.com/bigquery?project=project-c29d8542-a733-449a-996&j=bq:US:bb5ad89f-bd44-4f22-b5ed-9d467f86b42a&page=queryresults
[0m23:34:40.315400 [debug] [Thread-3 (]: BigQuery adapter: https://console.cloud.google.com/bigquery?project=project-c29d8542-a733-449a-996&j=bq:US:18dc3cd4-57ae-496c-a73f-02fc4fee3ac4&page=queryresults
[0m23:34:40.449730 [debug] [Thread-1 (]: SQL status: OK in 0.231 seconds
[0m23:34:40.471629 [debug] [Thread-2 (]: SQL status: OK in 0.219 seconds
[0m23:34:40.500316 [debug] [Thread-3 (]: SQL status: OK in 0.182 seconds
[0m23:34:40.607571 [info ] [Thread-4 (]: 22 of 28 PASS not_null_stg_admissions_subject_id ............................... [[32mPASS[0m in 1.34s]
[0m23:34:40.608580 [debug] [Thread-4 (]: Finished running node test.mimic_privacy.not_null_stg_admissions_subject_id.fa20d4b963
[0m23:34:40.609116 [debug] [Thread-4 (]: Began running node test.mimic_privacy.unique_mart_cohort_privacy_hadm_id.401b81d410
[0m23:34:40.609656 [info ] [Thread-4 (]: 26 of 28 START test unique_mart_cohort_privacy_hadm_id ......................... [RUN]
[0m23:34:40.610210 [debug] [Thread-4 (]: Re-using an available connection from the pool (formerly test.mimic_privacy.not_null_stg_admissions_subject_id.fa20d4b963, now test.mimic_privacy.unique_mart_cohort_privacy_hadm_id.401b81d410)
[0m23:34:40.610686 [debug] [Thread-4 (]: Began compiling node test.mimic_privacy.unique_mart_cohort_privacy_hadm_id.401b81d410
[0m23:34:40.620195 [debug] [Thread-4 (]: Writing injected SQL for node "test.mimic_privacy.unique_mart_cohort_privacy_hadm_id.401b81d410"
[0m23:34:40.621304 [debug] [Thread-4 (]: Began executing node test.mimic_privacy.unique_mart_cohort_privacy_hadm_id.401b81d410
[0m23:34:40.623969 [debug] [Thread-4 (]: Writing runtime sql for node "test.mimic_privacy.unique_mart_cohort_privacy_hadm_id.401b81d410"
[0m23:34:40.624811 [debug] [Thread-4 (]: On test.mimic_privacy.unique_mart_cohort_privacy_hadm_id.401b81d410: /* {"app": "dbt", "dbt_version": "1.11.11", "profile_name": "mimic_privacy", "target_name": "dev", "node_id": "test.mimic_privacy.unique_mart_cohort_privacy_hadm_id.401b81d410"} */

    
    select
      count(*) as failures,
      count(*) != 0 as should_warn,
      count(*) != 0 as should_error
    from (
      
    
  
    
    

with dbt_test__target as (

  select hadm_id as unique_field
  from `project-c29d8542-a733-449a-996`.`capstone_final_dataset_marts`.`mart_cohort_privacy`
  where hadm_id is not null

)

select
    unique_field,
    count(*) as n_records

from dbt_test__target
group by unique_field
having count(*) > 1



  
  
      
    ) dbt_internal_test
[0m23:34:40.625295 [debug] [Thread-4 (]: Opening a new connection, currently in state closed
[0m23:34:40.886383 [info ] [Thread-2 (]: 25 of 28 PASS not_null_stg_lab_features_subject_id ............................. [[32mPASS[0m in 1.36s]
[0m23:34:40.887592 [debug] [Thread-2 (]: Finished running node test.mimic_privacy.not_null_stg_lab_features_subject_id.900909f3cf
[0m23:34:40.888171 [debug] [Thread-2 (]: Began running node test.mimic_privacy.unique_stg_admissions_hadm_id.6dd816891b
[0m23:34:40.888753 [info ] [Thread-2 (]: 27 of 28 START test unique_stg_admissions_hadm_id .............................. [RUN]
[0m23:34:40.889465 [debug] [Thread-2 (]: Re-using an available connection from the pool (formerly test.mimic_privacy.not_null_stg_lab_features_subject_id.900909f3cf, now test.mimic_privacy.unique_stg_admissions_hadm_id.6dd816891b)
[0m23:34:40.890037 [debug] [Thread-2 (]: Began compiling node test.mimic_privacy.unique_stg_admissions_hadm_id.6dd816891b
[0m23:34:40.896564 [debug] [Thread-2 (]: Writing injected SQL for node "test.mimic_privacy.unique_stg_admissions_hadm_id.6dd816891b"
[0m23:34:40.898234 [debug] [Thread-2 (]: Began executing node test.mimic_privacy.unique_stg_admissions_hadm_id.6dd816891b
[0m23:34:40.901102 [debug] [Thread-2 (]: Writing runtime sql for node "test.mimic_privacy.unique_stg_admissions_hadm_id.6dd816891b"
[0m23:34:40.904625 [info ] [Thread-3 (]: 24 of 28 PASS not_null_stg_lab_features_has_complete_labs ...................... [[32mPASS[0m in 1.40s]
[0m23:34:40.905343 [debug] [Thread-2 (]: On test.mimic_privacy.unique_stg_admissions_hadm_id.6dd816891b: /* {"app": "dbt", "dbt_version": "1.11.11", "profile_name": "mimic_privacy", "target_name": "dev", "node_id": "test.mimic_privacy.unique_stg_admissions_hadm_id.6dd816891b"} */

    
    select
      count(*) as failures,
      count(*) != 0 as should_warn,
      count(*) != 0 as should_error
    from (
      
    
  
    
    

with dbt_test__target as (

  select hadm_id as unique_field
  from `project-c29d8542-a733-449a-996`.`capstone_final_dataset_staging`.`stg_admissions`
  where hadm_id is not null

)

select
    unique_field,
    count(*) as n_records

from dbt_test__target
group by unique_field
having count(*) > 1



  
  
      
    ) dbt_internal_test
[0m23:34:40.906044 [debug] [Thread-3 (]: Finished running node test.mimic_privacy.not_null_stg_lab_features_has_complete_labs.0a8850dc73
[0m23:34:40.906532 [debug] [Thread-2 (]: Opening a new connection, currently in state closed
[0m23:34:40.906964 [debug] [Thread-3 (]: Began running node test.mimic_privacy.unique_stg_lab_features_hadm_id.bbe0b4b5d2
[0m23:34:40.908310 [info ] [Thread-3 (]: 28 of 28 START test unique_stg_lab_features_hadm_id ............................ [RUN]
[0m23:34:40.908864 [debug] [Thread-3 (]: Re-using an available connection from the pool (formerly test.mimic_privacy.not_null_stg_lab_features_has_complete_labs.0a8850dc73, now test.mimic_privacy.unique_stg_lab_features_hadm_id.bbe0b4b5d2)
[0m23:34:40.909693 [debug] [Thread-3 (]: Began compiling node test.mimic_privacy.unique_stg_lab_features_hadm_id.bbe0b4b5d2
[0m23:34:40.915115 [debug] [Thread-3 (]: Writing injected SQL for node "test.mimic_privacy.unique_stg_lab_features_hadm_id.bbe0b4b5d2"
[0m23:34:40.915930 [debug] [Thread-3 (]: Began executing node test.mimic_privacy.unique_stg_lab_features_hadm_id.bbe0b4b5d2
[0m23:34:40.918352 [debug] [Thread-3 (]: Writing runtime sql for node "test.mimic_privacy.unique_stg_lab_features_hadm_id.bbe0b4b5d2"
[0m23:34:40.919239 [debug] [Thread-3 (]: On test.mimic_privacy.unique_stg_lab_features_hadm_id.bbe0b4b5d2: /* {"app": "dbt", "dbt_version": "1.11.11", "profile_name": "mimic_privacy", "target_name": "dev", "node_id": "test.mimic_privacy.unique_stg_lab_features_hadm_id.bbe0b4b5d2"} */

    
    select
      count(*) as failures,
      count(*) != 0 as should_warn,
      count(*) != 0 as should_error
    from (
      
    
  
    
    

with dbt_test__target as (

  select hadm_id as unique_field
  from `project-c29d8542-a733-449a-996`.`capstone_final_dataset_staging`.`stg_lab_features`
  where hadm_id is not null

)

select
    unique_field,
    count(*) as n_records

from dbt_test__target
group by unique_field
having count(*) > 1



  
  
      
    ) dbt_internal_test
[0m23:34:40.919640 [debug] [Thread-3 (]: Opening a new connection, currently in state closed
[0m23:34:40.999057 [info ] [Thread-1 (]: 23 of 28 PASS not_null_stg_lab_features_hadm_id ................................ [[32mPASS[0m in 1.69s]
[0m23:34:40.999724 [debug] [Thread-1 (]: Finished running node test.mimic_privacy.not_null_stg_lab_features_hadm_id.cf60b75d90
[0m23:34:41.296323 [debug] [Thread-4 (]: BigQuery adapter: https://console.cloud.google.com/bigquery?project=project-c29d8542-a733-449a-996&j=bq:US:f709f11b-1ae8-478f-9889-39d457018d52&page=queryresults
[0m23:34:41.565379 [debug] [Thread-4 (]: SQL status: OK in 0.268 seconds
[0m23:34:41.659647 [debug] [Thread-3 (]: BigQuery adapter: https://console.cloud.google.com/bigquery?project=project-c29d8542-a733-449a-996&j=bq:US:99c4dc26-ef87-488d-9b72-18524e2cef24&page=queryresults
[0m23:34:41.702488 [debug] [Thread-2 (]: BigQuery adapter: https://console.cloud.google.com/bigquery?project=project-c29d8542-a733-449a-996&j=bq:US:8b8291ad-ee2b-4ce4-b12b-463c8463e1b4&page=queryresults
[0m23:34:41.890857 [debug] [Thread-3 (]: SQL status: OK in 0.230 seconds
[0m23:34:41.897380 [debug] [Thread-2 (]: SQL status: OK in 0.194 seconds
[0m23:34:41.904613 [info ] [Thread-4 (]: 26 of 28 PASS unique_mart_cohort_privacy_hadm_id ............................... [[32mPASS[0m in 1.29s]
[0m23:34:41.905581 [debug] [Thread-4 (]: Finished running node test.mimic_privacy.unique_mart_cohort_privacy_hadm_id.401b81d410
[0m23:34:42.271249 [info ] [Thread-2 (]: 27 of 28 PASS unique_stg_admissions_hadm_id .................................... [[32mPASS[0m in 1.38s]
[0m23:34:42.272289 [debug] [Thread-2 (]: Finished running node test.mimic_privacy.unique_stg_admissions_hadm_id.6dd816891b
[0m23:34:42.286636 [info ] [Thread-3 (]: 28 of 28 PASS unique_stg_lab_features_hadm_id .................................. [[32mPASS[0m in 1.38s]
[0m23:34:42.287626 [debug] [Thread-3 (]: Finished running node test.mimic_privacy.unique_stg_lab_features_hadm_id.bbe0b4b5d2
[0m23:34:42.289475 [debug] [MainThread]: Opening a new connection, currently in state closed
[0m23:34:42.290257 [debug] [MainThread]: Connection 'master' was properly closed.
[0m23:34:42.290593 [debug] [MainThread]: Connection 'test.mimic_privacy.not_null_stg_lab_features_hadm_id.cf60b75d90' was properly closed.
[0m23:34:42.290907 [debug] [MainThread]: Connection 'test.mimic_privacy.unique_stg_admissions_hadm_id.6dd816891b' was properly closed.
[0m23:34:42.291189 [debug] [MainThread]: Connection 'test.mimic_privacy.unique_stg_lab_features_hadm_id.bbe0b4b5d2' was properly closed.
[0m23:34:42.291448 [debug] [MainThread]: Connection 'test.mimic_privacy.unique_mart_cohort_privacy_hadm_id.401b81d410' was properly closed.
[0m23:34:42.292595 [info ] [MainThread]: 
[0m23:34:42.293132 [info ] [MainThread]: Finished running 28 data tests in 0 hours 0 minutes and 10.91 seconds (10.91s).
[0m23:34:42.297971 [debug] [MainThread]: Command end result
[0m23:34:42.339836 [debug] [MainThread]: Wrote artifact WritableManifest to /Users/taitai/Thesis_MS/healthcare-privacy-ml/dbt/target/manifest.json
[0m23:34:42.341805 [debug] [MainThread]: Wrote artifact SemanticManifest to /Users/taitai/Thesis_MS/healthcare-privacy-ml/dbt/target/semantic_manifest.json
[0m23:34:42.347351 [debug] [MainThread]: Wrote artifact RunExecutionResult to /Users/taitai/Thesis_MS/healthcare-privacy-ml/dbt/target/run_results.json
[0m23:34:42.347592 [info ] [MainThread]: 
[0m23:34:42.347799 [info ] [MainThread]: [31mCompleted with 4 errors, 0 partial successes, and 0 warnings:[0m
[0m23:34:42.347963 [info ] [MainThread]: 
[0m23:34:42.348177 [error] [MainThread]: [31mFailure in test accepted_values_mart_cohort_privacy_readmitted_30__0__1 (models/schema.yml)[0m
[0m23:34:42.348382 [error] [MainThread]:   Database Error in test accepted_values_mart_cohort_privacy_readmitted_30__0__1 (models/schema.yml)
  No matching signature for operator IN for argument types INT64 and {STRING} at [28:23]
  compiled code at target/run/mimic_privacy/models/schema.yml/accepted_values_mart_cohort_privacy_readmitted_30__0__1.sql
[0m23:34:42.348527 [info ] [MainThread]: 
[0m23:34:42.348706 [info ] [MainThread]:   compiled code at target/compiled/mimic_privacy/models/schema.yml/accepted_values_mart_cohort_privacy_readmitted_30__0__1.sql
[0m23:34:42.348849 [info ] [MainThread]: 
[0m23:34:42.349026 [error] [MainThread]: [31mFailure in test accepted_values_mart_cohort_privacy_hospital_expire_flag__0__1 (models/schema.yml)[0m
[0m23:34:42.349215 [error] [MainThread]:   Database Error in test accepted_values_mart_cohort_privacy_hospital_expire_flag__0__1 (models/schema.yml)
  No matching signature for operator IN for argument types INT64 and {STRING} at [28:23]
  compiled code at target/run/mimic_privacy/models/schema.yml/accepted_values_mart_cohort_privacy_hospital_expire_flag__0__1.sql
[0m23:34:42.349358 [info ] [MainThread]: 
[0m23:34:42.349529 [info ] [MainThread]:   compiled code at target/compiled/mimic_privacy/models/schema.yml/accepted_values_mart_cohort_privacy_hospital_expire_flag__0__1.sql
[0m23:34:42.349663 [info ] [MainThread]: 
[0m23:34:42.349840 [error] [MainThread]: [31mFailure in test accepted_values_stg_admissions_hospital_expire_flag__0__1 (models/schema.yml)[0m
[0m23:34:42.350019 [error] [MainThread]:   Database Error in test accepted_values_stg_admissions_hospital_expire_flag__0__1 (models/schema.yml)
  No matching signature for operator IN for argument types INT64 and {STRING} at [28:23]
  compiled code at target/run/mimic_privacy/models/schema.yml/accepted_values_stg_admissions_hospital_expire_flag__0__1.sql
[0m23:34:42.350155 [info ] [MainThread]: 
[0m23:34:42.350319 [info ] [MainThread]:   compiled code at target/compiled/mimic_privacy/models/schema.yml/accepted_values_stg_admissions_hospital_expire_flag__0__1.sql
[0m23:34:42.350451 [info ] [MainThread]: 
[0m23:34:42.350620 [error] [MainThread]: [31mFailure in test accepted_values_stg_admissions_readmitted_30__0__1 (models/schema.yml)[0m
[0m23:34:42.350797 [error] [MainThread]:   Database Error in test accepted_values_stg_admissions_readmitted_30__0__1 (models/schema.yml)
  No matching signature for operator IN for argument types INT64 and {STRING} at [28:23]
  compiled code at target/run/mimic_privacy/models/schema.yml/accepted_values_stg_admissions_readmitted_30__0__1.sql
[0m23:34:42.350931 [info ] [MainThread]: 
[0m23:34:42.351095 [info ] [MainThread]:   compiled code at target/compiled/mimic_privacy/models/schema.yml/accepted_values_stg_admissions_readmitted_30__0__1.sql
[0m23:34:42.351237 [info ] [MainThread]: 
[0m23:34:42.351404 [info ] [MainThread]: Done. PASS=24 WARN=0 ERROR=4 SKIP=0 NO-OP=0 TOTAL=28
[0m23:34:42.353235 [debug] [MainThread]: Resource report: {"command_name": "test", "command_success": false, "command_wall_clock_time": 13.05822, "process_in_blocks": "0", "process_kernel_time": 0.44637, "process_mem_max_rss": "220577792", "process_out_blocks": "0", "process_user_time": 2.979804}
[0m23:34:42.353620 [debug] [MainThread]: Command `dbt test` failed at 23:34:42.353551 after 13.06 seconds
[0m23:34:42.353890 [debug] [MainThread]: Sending event: {'category': 'dbt', 'action': 'invocation', 'label': 'end', 'context': [<snowplow_tracker.self_describing_json.SelfDescribingJson object at 0x10769b950>, <snowplow_tracker.self_describing_json.SelfDescribingJson object at 0x139d03800>, <snowplow_tracker.self_describing_json.SelfDescribingJson object at 0x139d02f10>]}
[0m23:34:42.354112 [debug] [MainThread]: Flushing usage events
[0m23:34:42.630752 [debug] [MainThread]: An error was encountered while trying to flush usage events
[0m23:36:00.633552 [debug] [MainThread]: Sending event: {'category': 'dbt', 'action': 'invocation', 'label': 'start', 'context': [<snowplow_tracker.self_describing_json.SelfDescribingJson object at 0x105e35d30>, <snowplow_tracker.self_describing_json.SelfDescribingJson object at 0x111cb3750>, <snowplow_tracker.self_describing_json.SelfDescribingJson object at 0x111cb3890>]}


============================== 23:36:00.637113 | b0944e8c-3568-4446-8a16-93f96c5c0178 ==============================
[0m23:36:00.637113 [info ] [MainThread]: Running with dbt=1.11.11
[0m23:36:00.637445 [debug] [MainThread]: running dbt with arguments {'version_check': 'True', 'fail_fast': 'False', 'write_json': 'True', 'cache_selected_only': 'False', 'log_format': 'default', 'introspect': 'True', 'quiet': 'False', 'target_path': 'None', 'profiles_dir': '/Users/taitai/Thesis_MS/healthcare-privacy-ml/dbt', 'partial_parse': 'True', 'use_colors': 'True', 'invocation_command': 'dbt test', 'empty': 'None', 'log_path': '/Users/taitai/Thesis_MS/healthcare-privacy-ml/dbt/logs', 'debug': 'False', 'log_cache_events': 'False', 'warn_error': 'None', 'no_print': 'None', 'static_parser': 'True', 'warn_error_options': 'WarnErrorOptionsV2(error=[], warn=[], silence=[])', 'send_anonymous_usage_stats': 'True', 'use_experimental_parser': 'False', 'indirect_selection': 'eager', 'printer_width': '80'}
[0m23:36:02.570304 [debug] [MainThread]: Sending event: {'category': 'dbt', 'action': 'project_id', 'label': 'b0944e8c-3568-4446-8a16-93f96c5c0178', 'context': [<snowplow_tracker.self_describing_json.SelfDescribingJson object at 0x1062f4fc0>]}
[0m23:36:02.601285 [debug] [MainThread]: Sending event: {'category': 'dbt', 'action': 'adapter_info', 'label': 'b0944e8c-3568-4446-8a16-93f96c5c0178', 'context': [<snowplow_tracker.self_describing_json.SelfDescribingJson object at 0x13b20fbd0>]}
[0m23:36:02.601762 [info ] [MainThread]: Registered adapter: bigquery=1.11.1
[0m23:36:02.687120 [debug] [MainThread]: checksum: 30a8cc8fdcbf66701b0944d4ccce3fa46dd04b61e5df68b9f16d57b2e0e3f0be, vars: {}, profile: , target: , version: 1.11.11
[0m23:36:02.792370 [debug] [MainThread]: Partial parsing enabled: 0 files deleted, 0 files added, 1 files changed.
[0m23:36:02.792984 [debug] [MainThread]: Partial parsing: updated file: mimic_privacy://models/schema.yml
[0m23:36:02.965586 [warn ] [MainThread]: [[33mWARNING[0m][MissingArgumentsPropertyInGenericTestDeprecation]: Deprecated
functionality
Found top-level arguments to test `accepted_values` defined on 'stg_admissions'
in package 'mimic_privacy' (models/schema.yml). Arguments to generic tests
should be nested under the `arguments` property.
[0m23:36:02.965912 [debug] [MainThread]: Sending event: {'category': 'dbt', 'action': 'deprecation', 'label': 'b0944e8c-3568-4446-8a16-93f96c5c0178', 'property_': 'warn', 'context': [<snowplow_tracker.self_describing_json.SelfDescribingJson object at 0x13b776b50>]}
[0m23:36:03.036474 [debug] [MainThread]: Sending event: {'category': 'dbt', 'action': 'load_project', 'label': 'b0944e8c-3568-4446-8a16-93f96c5c0178', 'context': [<snowplow_tracker.self_describing_json.SelfDescribingJson object at 0x13c963d40>]}
[0m23:36:03.093659 [debug] [MainThread]: Wrote artifact WritableManifest to /Users/taitai/Thesis_MS/healthcare-privacy-ml/dbt/target/manifest.json
[0m23:36:03.095185 [debug] [MainThread]: Wrote artifact SemanticManifest to /Users/taitai/Thesis_MS/healthcare-privacy-ml/dbt/target/semantic_manifest.json
[0m23:36:03.114550 [debug] [MainThread]: Sending event: {'category': 'dbt', 'action': 'resource_counts', 'label': 'b0944e8c-3568-4446-8a16-93f96c5c0178', 'context': [<snowplow_tracker.self_describing_json.SelfDescribingJson object at 0x13cd2b070>]}
[0m23:36:03.114828 [info ] [MainThread]: Found 3 models, 28 data tests, 1 source, 549 macros
[0m23:36:03.114994 [debug] [MainThread]: Sending event: {'category': 'dbt', 'action': 'runnable_timing', 'label': 'b0944e8c-3568-4446-8a16-93f96c5c0178', 'context': [<snowplow_tracker.self_describing_json.SelfDescribingJson object at 0x13ce67ee0>]}
[0m23:36:03.116498 [info ] [MainThread]: 
[0m23:36:03.116687 [info ] [MainThread]: Concurrency: 4 threads (target='dev')
[0m23:36:03.116821 [info ] [MainThread]: 
[0m23:36:03.117063 [debug] [MainThread]: Acquiring new bigquery connection 'master'
[0m23:36:03.118980 [debug] [ThreadPool]: Acquiring new bigquery connection 'list_project-c29d8542-a733-449a-996_capstone_final_dataset_marts'
[0m23:36:03.119228 [debug] [ThreadPool]: Acquiring new bigquery connection 'list_project-c29d8542-a733-449a-996_capstone_final_dataset_staging'
[0m23:36:03.119379 [debug] [ThreadPool]: Opening a new connection, currently in state init
[0m23:36:03.119559 [debug] [ThreadPool]: Opening a new connection, currently in state init
[0m23:36:04.386165 [debug] [MainThread]: Sending event: {'category': 'dbt', 'action': 'runnable_timing', 'label': 'b0944e8c-3568-4446-8a16-93f96c5c0178', 'context': [<snowplow_tracker.self_describing_json.SelfDescribingJson object at 0x13ce95550>]}
[0m23:36:04.388246 [debug] [MainThread]: Opening a new connection, currently in state init
[0m23:36:04.394182 [debug] [Thread-1 (]: Began running node test.mimic_privacy.accepted_values_mart_cohort_privacy_hospital_expire_flag__False__0__1.0d1e8d5420
[0m23:36:04.394892 [debug] [Thread-3 (]: Began running node test.mimic_privacy.accepted_values_mart_cohort_privacy_reidentification_risk__low_risk__medium_risk__high_risk.5518961a2c
[0m23:36:04.395448 [debug] [Thread-4 (]: Began running node test.mimic_privacy.accepted_values_stg_admissions_ethnicity_grouped__White__Black_African_American__Hispanic_Latino__Asian__Other__Unknown.94a2904c8a
[0m23:36:04.395921 [debug] [Thread-2 (]: Began running node test.mimic_privacy.accepted_values_mart_cohort_privacy_readmitted_30__False__0__1.bbfabe6503
[0m23:36:04.396479 [info ] [Thread-1 (]: 1 of 28 START test accepted_values_mart_cohort_privacy_hospital_expire_flag__False__0__1  [RUN]
[0m23:36:04.397325 [info ] [Thread-3 (]: 3 of 28 START test accepted_values_mart_cohort_privacy_reidentification_risk__low_risk__medium_risk__high_risk  [RUN]
[0m23:36:04.398154 [info ] [Thread-4 (]: 4 of 28 START test accepted_values_stg_admissions_ethnicity_grouped__White__Black_African_American__Hispanic_Latino__Asian__Other__Unknown  [RUN]
[0m23:36:04.398663 [info ] [Thread-2 (]: 2 of 28 START test accepted_values_mart_cohort_privacy_readmitted_30__False__0__1  [RUN]
[0m23:36:04.399322 [debug] [Thread-1 (]: Re-using an available connection from the pool (formerly list_project-c29d8542-a733-449a-996_capstone_final_dataset_marts, now test.mimic_privacy.accepted_values_mart_cohort_privacy_hospital_expire_flag__False__0__1.0d1e8d5420)
[0m23:36:04.399904 [debug] [Thread-3 (]: Acquiring new bigquery connection 'test.mimic_privacy.accepted_values_mart_cohort_privacy_reidentification_risk__low_risk__medium_risk__high_risk.5518961a2c'
[0m23:36:04.400427 [debug] [Thread-4 (]: Acquiring new bigquery connection 'test.mimic_privacy.accepted_values_stg_admissions_ethnicity_grouped__White__Black_African_American__Hispanic_Latino__Asian__Other__Unknown.94a2904c8a'
[0m23:36:04.400822 [debug] [Thread-2 (]: Re-using an available connection from the pool (formerly list_project-c29d8542-a733-449a-996_capstone_final_dataset_staging, now test.mimic_privacy.accepted_values_mart_cohort_privacy_readmitted_30__False__0__1.bbfabe6503)
[0m23:36:04.401256 [debug] [Thread-1 (]: Began compiling node test.mimic_privacy.accepted_values_mart_cohort_privacy_hospital_expire_flag__False__0__1.0d1e8d5420
[0m23:36:04.401633 [debug] [Thread-3 (]: Began compiling node test.mimic_privacy.accepted_values_mart_cohort_privacy_reidentification_risk__low_risk__medium_risk__high_risk.5518961a2c
[0m23:36:04.402001 [debug] [Thread-4 (]: Began compiling node test.mimic_privacy.accepted_values_stg_admissions_ethnicity_grouped__White__Black_African_American__Hispanic_Latino__Asian__Other__Unknown.94a2904c8a
[0m23:36:04.402449 [debug] [Thread-2 (]: Began compiling node test.mimic_privacy.accepted_values_mart_cohort_privacy_readmitted_30__False__0__1.bbfabe6503
[0m23:36:04.416539 [debug] [Thread-1 (]: Writing injected SQL for node "test.mimic_privacy.accepted_values_mart_cohort_privacy_hospital_expire_flag__False__0__1.0d1e8d5420"
[0m23:36:04.421242 [debug] [Thread-3 (]: Writing injected SQL for node "test.mimic_privacy.accepted_values_mart_cohort_privacy_reidentification_risk__low_risk__medium_risk__high_risk.5518961a2c"
[0m23:36:04.424810 [debug] [Thread-4 (]: Writing injected SQL for node "test.mimic_privacy.accepted_values_stg_admissions_ethnicity_grouped__White__Black_African_American__Hispanic_Latino__Asian__Other__Unknown.94a2904c8a"
[0m23:36:04.428353 [debug] [Thread-2 (]: Writing injected SQL for node "test.mimic_privacy.accepted_values_mart_cohort_privacy_readmitted_30__False__0__1.bbfabe6503"
[0m23:36:04.429387 [debug] [Thread-3 (]: Began executing node test.mimic_privacy.accepted_values_mart_cohort_privacy_reidentification_risk__low_risk__medium_risk__high_risk.5518961a2c
[0m23:36:04.429760 [debug] [Thread-1 (]: Began executing node test.mimic_privacy.accepted_values_mart_cohort_privacy_hospital_expire_flag__False__0__1.0d1e8d5420
[0m23:36:04.430100 [debug] [Thread-4 (]: Began executing node test.mimic_privacy.accepted_values_stg_admissions_ethnicity_grouped__White__Black_African_American__Hispanic_Latino__Asian__Other__Unknown.94a2904c8a
[0m23:36:04.448983 [debug] [Thread-2 (]: Began executing node test.mimic_privacy.accepted_values_mart_cohort_privacy_readmitted_30__False__0__1.bbfabe6503
[0m23:36:04.452179 [debug] [Thread-3 (]: Writing runtime sql for node "test.mimic_privacy.accepted_values_mart_cohort_privacy_reidentification_risk__low_risk__medium_risk__high_risk.5518961a2c"
[0m23:36:04.453027 [debug] [Thread-1 (]: Writing runtime sql for node "test.mimic_privacy.accepted_values_mart_cohort_privacy_hospital_expire_flag__False__0__1.0d1e8d5420"
[0m23:36:04.454445 [debug] [Thread-4 (]: Writing runtime sql for node "test.mimic_privacy.accepted_values_stg_admissions_ethnicity_grouped__White__Black_African_American__Hispanic_Latino__Asian__Other__Unknown.94a2904c8a"
[0m23:36:04.457676 [debug] [Thread-2 (]: Writing runtime sql for node "test.mimic_privacy.accepted_values_mart_cohort_privacy_readmitted_30__False__0__1.bbfabe6503"
[0m23:36:04.458310 [debug] [Thread-3 (]: On test.mimic_privacy.accepted_values_mart_cohort_privacy_reidentification_risk__low_risk__medium_risk__high_risk.5518961a2c: /* {"app": "dbt", "dbt_version": "1.11.11", "profile_name": "mimic_privacy", "target_name": "dev", "node_id": "test.mimic_privacy.accepted_values_mart_cohort_privacy_reidentification_risk__low_risk__medium_risk__high_risk.5518961a2c"} */

    
    select
      count(*) as failures,
      count(*) != 0 as should_warn,
      count(*) != 0 as should_error
    from (
      
    
  
    
    

with all_values as (

    select
        reidentification_risk as value_field,
        count(*) as n_records

    from `project-c29d8542-a733-449a-996`.`capstone_final_dataset_marts`.`mart_cohort_privacy`
    group by reidentification_risk

)

select *
from all_values
where value_field not in (
    'low_risk','medium_risk','high_risk'
)



  
  
      
    ) dbt_internal_test
[0m23:36:04.458610 [debug] [Thread-1 (]: On test.mimic_privacy.accepted_values_mart_cohort_privacy_hospital_expire_flag__False__0__1.0d1e8d5420: /* {"app": "dbt", "dbt_version": "1.11.11", "profile_name": "mimic_privacy", "target_name": "dev", "node_id": "test.mimic_privacy.accepted_values_mart_cohort_privacy_hospital_expire_flag__False__0__1.0d1e8d5420"} */

    
    select
      count(*) as failures,
      count(*) != 0 as should_warn,
      count(*) != 0 as should_error
    from (
      
    
  
    
    

with all_values as (

    select
        hospital_expire_flag as value_field,
        count(*) as n_records

    from `project-c29d8542-a733-449a-996`.`capstone_final_dataset_marts`.`mart_cohort_privacy`
    group by hospital_expire_flag

)

select *
from all_values
where value_field not in (
    0,1
)



  
  
      
    ) dbt_internal_test
[0m23:36:04.458902 [debug] [Thread-4 (]: On test.mimic_privacy.accepted_values_stg_admissions_ethnicity_grouped__White__Black_African_American__Hispanic_Latino__Asian__Other__Unknown.94a2904c8a: /* {"app": "dbt", "dbt_version": "1.11.11", "profile_name": "mimic_privacy", "target_name": "dev", "node_id": "test.mimic_privacy.accepted_values_stg_admissions_ethnicity_grouped__White__Black_African_American__Hispanic_Latino__Asian__Other__Unknown.94a2904c8a"} */

    
    select
      count(*) as failures,
      count(*) != 0 as should_warn,
      count(*) != 0 as should_error
    from (
      
    
  
    
    

with all_values as (

    select
        ethnicity_grouped as value_field,
        count(*) as n_records

    from `project-c29d8542-a733-449a-996`.`capstone_final_dataset_staging`.`stg_admissions`
    group by ethnicity_grouped

)

select *
from all_values
where value_field not in (
    'White','Black/African American','Hispanic/Latino','Asian','Other','Unknown'
)



  
  
      
    ) dbt_internal_test
[0m23:36:04.459255 [debug] [Thread-2 (]: On test.mimic_privacy.accepted_values_mart_cohort_privacy_readmitted_30__False__0__1.bbfabe6503: /* {"app": "dbt", "dbt_version": "1.11.11", "profile_name": "mimic_privacy", "target_name": "dev", "node_id": "test.mimic_privacy.accepted_values_mart_cohort_privacy_readmitted_30__False__0__1.bbfabe6503"} */

    
    select
      count(*) as failures,
      count(*) != 0 as should_warn,
      count(*) != 0 as should_error
    from (
      
    
  
    
    

with all_values as (

    select
        readmitted_30 as value_field,
        count(*) as n_records

    from `project-c29d8542-a733-449a-996`.`capstone_final_dataset_marts`.`mart_cohort_privacy`
    group by readmitted_30

)

select *
from all_values
where value_field not in (
    0,1
)



  
  
      
    ) dbt_internal_test
[0m23:36:04.459504 [debug] [Thread-3 (]: Opening a new connection, currently in state init
[0m23:36:04.459711 [debug] [Thread-1 (]: Opening a new connection, currently in state closed
[0m23:36:04.459929 [debug] [Thread-4 (]: Opening a new connection, currently in state init
[0m23:36:04.460129 [debug] [Thread-2 (]: Opening a new connection, currently in state closed
[0m23:36:05.162362 [debug] [Thread-3 (]: BigQuery adapter: https://console.cloud.google.com/bigquery?project=project-c29d8542-a733-449a-996&j=bq:US:7bac49a6-9b3a-4040-b22f-e428eb760b8d&page=queryresults
[0m23:36:05.185085 [debug] [Thread-2 (]: BigQuery adapter: https://console.cloud.google.com/bigquery?project=project-c29d8542-a733-449a-996&j=bq:US:2c4d4af6-f88d-45b3-b9af-2e405ed1f6e5&page=queryresults
[0m23:36:05.222060 [debug] [Thread-1 (]: BigQuery adapter: https://console.cloud.google.com/bigquery?project=project-c29d8542-a733-449a-996&j=bq:US:7ddd7f24-3ad7-4998-8dc5-5924df5c4153&page=queryresults
[0m23:36:05.279623 [debug] [Thread-4 (]: BigQuery adapter: https://console.cloud.google.com/bigquery?project=project-c29d8542-a733-449a-996&j=bq:US:c5f8fb69-594f-4854-b57e-77e65b9f7adb&page=queryresults
[0m23:36:05.365313 [debug] [Thread-3 (]: SQL status: OK in 0.202 seconds
[0m23:36:05.389025 [debug] [Thread-2 (]: SQL status: OK in 0.203 seconds
[0m23:36:05.469964 [debug] [Thread-1 (]: SQL status: OK in 0.247 seconds
[0m23:36:05.498469 [debug] [Thread-4 (]: SQL status: OK in 0.218 seconds
[0m23:36:05.845494 [info ] [Thread-3 (]: 3 of 28 PASS accepted_values_mart_cohort_privacy_reidentification_risk__low_risk__medium_risk__high_risk  [[32mPASS[0m in 1.45s]
[0m23:36:05.846112 [debug] [Thread-3 (]: Finished running node test.mimic_privacy.accepted_values_mart_cohort_privacy_reidentification_risk__low_risk__medium_risk__high_risk.5518961a2c
[0m23:36:05.846431 [debug] [Thread-3 (]: Began running node test.mimic_privacy.accepted_values_stg_admissions_hospital_expire_flag__False__0__1.5e4157f102
[0m23:36:05.846832 [info ] [Thread-3 (]: 5 of 28 START test accepted_values_stg_admissions_hospital_expire_flag__False__0__1  [RUN]
[0m23:36:05.847285 [debug] [Thread-3 (]: Re-using an available connection from the pool (formerly test.mimic_privacy.accepted_values_mart_cohort_privacy_reidentification_risk__low_risk__medium_risk__high_risk.5518961a2c, now test.mimic_privacy.accepted_values_stg_admissions_hospital_expire_flag__False__0__1.5e4157f102)
[0m23:36:05.847769 [debug] [Thread-3 (]: Began compiling node test.mimic_privacy.accepted_values_stg_admissions_hospital_expire_flag__False__0__1.5e4157f102
[0m23:36:05.851450 [debug] [Thread-3 (]: Writing injected SQL for node "test.mimic_privacy.accepted_values_stg_admissions_hospital_expire_flag__False__0__1.5e4157f102"
[0m23:36:05.852193 [debug] [Thread-3 (]: Began executing node test.mimic_privacy.accepted_values_stg_admissions_hospital_expire_flag__False__0__1.5e4157f102
[0m23:36:05.855236 [debug] [Thread-3 (]: Writing runtime sql for node "test.mimic_privacy.accepted_values_stg_admissions_hospital_expire_flag__False__0__1.5e4157f102"
[0m23:36:05.855982 [debug] [Thread-3 (]: On test.mimic_privacy.accepted_values_stg_admissions_hospital_expire_flag__False__0__1.5e4157f102: /* {"app": "dbt", "dbt_version": "1.11.11", "profile_name": "mimic_privacy", "target_name": "dev", "node_id": "test.mimic_privacy.accepted_values_stg_admissions_hospital_expire_flag__False__0__1.5e4157f102"} */

    
    select
      count(*) as failures,
      count(*) != 0 as should_warn,
      count(*) != 0 as should_error
    from (
      
    
  
    
    

with all_values as (

    select
        hospital_expire_flag as value_field,
        count(*) as n_records

    from `project-c29d8542-a733-449a-996`.`capstone_final_dataset_staging`.`stg_admissions`
    group by hospital_expire_flag

)

select *
from all_values
where value_field not in (
    0,1
)



  
  
      
    ) dbt_internal_test
[0m23:36:05.856336 [debug] [Thread-3 (]: Opening a new connection, currently in state closed
[0m23:36:05.887713 [info ] [Thread-4 (]: 4 of 28 PASS accepted_values_stg_admissions_ethnicity_grouped__White__Black_African_American__Hispanic_Latino__Asian__Other__Unknown  [[32mPASS[0m in 1.49s]
[0m23:36:05.888306 [debug] [Thread-4 (]: Finished running node test.mimic_privacy.accepted_values_stg_admissions_ethnicity_grouped__White__Black_African_American__Hispanic_Latino__Asian__Other__Unknown.94a2904c8a
[0m23:36:05.888615 [debug] [Thread-4 (]: Began running node test.mimic_privacy.accepted_values_stg_admissions_readmitted_30__False__0__1.a89c9d01fb
[0m23:36:05.888970 [info ] [Thread-4 (]: 6 of 28 START test accepted_values_stg_admissions_readmitted_30__False__0__1 ... [RUN]
[0m23:36:05.889358 [debug] [Thread-4 (]: Re-using an available connection from the pool (formerly test.mimic_privacy.accepted_values_stg_admissions_ethnicity_grouped__White__Black_African_American__Hispanic_Latino__Asian__Other__Unknown.94a2904c8a, now test.mimic_privacy.accepted_values_stg_admissions_readmitted_30__False__0__1.a89c9d01fb)
[0m23:36:05.889657 [debug] [Thread-4 (]: Began compiling node test.mimic_privacy.accepted_values_stg_admissions_readmitted_30__False__0__1.a89c9d01fb
[0m23:36:05.892768 [debug] [Thread-4 (]: Writing injected SQL for node "test.mimic_privacy.accepted_values_stg_admissions_readmitted_30__False__0__1.a89c9d01fb"
[0m23:36:05.893411 [debug] [Thread-4 (]: Began executing node test.mimic_privacy.accepted_values_stg_admissions_readmitted_30__False__0__1.a89c9d01fb
[0m23:36:05.895328 [debug] [Thread-4 (]: Writing runtime sql for node "test.mimic_privacy.accepted_values_stg_admissions_readmitted_30__False__0__1.a89c9d01fb"
[0m23:36:05.895951 [debug] [Thread-4 (]: On test.mimic_privacy.accepted_values_stg_admissions_readmitted_30__False__0__1.a89c9d01fb: /* {"app": "dbt", "dbt_version": "1.11.11", "profile_name": "mimic_privacy", "target_name": "dev", "node_id": "test.mimic_privacy.accepted_values_stg_admissions_readmitted_30__False__0__1.a89c9d01fb"} */

    
    select
      count(*) as failures,
      count(*) != 0 as should_warn,
      count(*) != 0 as should_error
    from (
      
    
  
    
    

with all_values as (

    select
        readmitted_30 as value_field,
        count(*) as n_records

    from `project-c29d8542-a733-449a-996`.`capstone_final_dataset_staging`.`stg_admissions`
    group by readmitted_30

)

select *
from all_values
where value_field not in (
    0,1
)



  
  
      
    ) dbt_internal_test
[0m23:36:05.896340 [debug] [Thread-4 (]: Opening a new connection, currently in state closed
[0m23:36:05.950542 [info ] [Thread-1 (]: 1 of 28 PASS accepted_values_mart_cohort_privacy_hospital_expire_flag__False__0__1  [[32mPASS[0m in 1.55s]
[0m23:36:05.951088 [debug] [Thread-1 (]: Finished running node test.mimic_privacy.accepted_values_mart_cohort_privacy_hospital_expire_flag__False__0__1.0d1e8d5420
[0m23:36:05.951400 [debug] [Thread-1 (]: Began running node test.mimic_privacy.accepted_values_stg_admissions_reidentification_risk__low_risk__medium_risk__high_risk.48a899b136
[0m23:36:05.951738 [info ] [Thread-1 (]: 7 of 28 START test accepted_values_stg_admissions_reidentification_risk__low_risk__medium_risk__high_risk  [RUN]
[0m23:36:05.952121 [debug] [Thread-1 (]: Re-using an available connection from the pool (formerly test.mimic_privacy.accepted_values_mart_cohort_privacy_hospital_expire_flag__False__0__1.0d1e8d5420, now test.mimic_privacy.accepted_values_stg_admissions_reidentification_risk__low_risk__medium_risk__high_risk.48a899b136)
[0m23:36:05.952421 [debug] [Thread-1 (]: Began compiling node test.mimic_privacy.accepted_values_stg_admissions_reidentification_risk__low_risk__medium_risk__high_risk.48a899b136
[0m23:36:05.955820 [debug] [Thread-1 (]: Writing injected SQL for node "test.mimic_privacy.accepted_values_stg_admissions_reidentification_risk__low_risk__medium_risk__high_risk.48a899b136"
[0m23:36:05.956562 [debug] [Thread-1 (]: Began executing node test.mimic_privacy.accepted_values_stg_admissions_reidentification_risk__low_risk__medium_risk__high_risk.48a899b136
[0m23:36:05.958535 [debug] [Thread-1 (]: Writing runtime sql for node "test.mimic_privacy.accepted_values_stg_admissions_reidentification_risk__low_risk__medium_risk__high_risk.48a899b136"
[0m23:36:05.959872 [debug] [Thread-1 (]: On test.mimic_privacy.accepted_values_stg_admissions_reidentification_risk__low_risk__medium_risk__high_risk.48a899b136: /* {"app": "dbt", "dbt_version": "1.11.11", "profile_name": "mimic_privacy", "target_name": "dev", "node_id": "test.mimic_privacy.accepted_values_stg_admissions_reidentification_risk__low_risk__medium_risk__high_risk.48a899b136"} */

    
    select
      count(*) as failures,
      count(*) != 0 as should_warn,
      count(*) != 0 as should_error
    from (
      
    
  
    
    

with all_values as (

    select
        reidentification_risk as value_field,
        count(*) as n_records

    from `project-c29d8542-a733-449a-996`.`capstone_final_dataset_staging`.`stg_admissions`
    group by reidentification_risk

)

select *
from all_values
where value_field not in (
    'low_risk','medium_risk','high_risk'
)



  
  
      
    ) dbt_internal_test
[0m23:36:05.960207 [debug] [Thread-1 (]: Opening a new connection, currently in state closed
[0m23:36:05.971498 [info ] [Thread-2 (]: 2 of 28 PASS accepted_values_mart_cohort_privacy_readmitted_30__False__0__1 .... [[32mPASS[0m in 1.57s]
[0m23:36:05.971985 [debug] [Thread-2 (]: Finished running node test.mimic_privacy.accepted_values_mart_cohort_privacy_readmitted_30__False__0__1.bbfabe6503
[0m23:36:05.972275 [debug] [Thread-2 (]: Began running node test.mimic_privacy.not_null_mart_cohort_privacy_dbt_loaded_at.c7f984014e
[0m23:36:05.972565 [info ] [Thread-2 (]: 8 of 28 START test not_null_mart_cohort_privacy_dbt_loaded_at .................. [RUN]
[0m23:36:05.972891 [debug] [Thread-2 (]: Re-using an available connection from the pool (formerly test.mimic_privacy.accepted_values_mart_cohort_privacy_readmitted_30__False__0__1.bbfabe6503, now test.mimic_privacy.not_null_mart_cohort_privacy_dbt_loaded_at.c7f984014e)
[0m23:36:05.973133 [debug] [Thread-2 (]: Began compiling node test.mimic_privacy.not_null_mart_cohort_privacy_dbt_loaded_at.c7f984014e
[0m23:36:05.977888 [debug] [Thread-2 (]: Writing injected SQL for node "test.mimic_privacy.not_null_mart_cohort_privacy_dbt_loaded_at.c7f984014e"
[0m23:36:05.978671 [debug] [Thread-2 (]: Began executing node test.mimic_privacy.not_null_mart_cohort_privacy_dbt_loaded_at.c7f984014e
[0m23:36:05.980074 [debug] [Thread-2 (]: Writing runtime sql for node "test.mimic_privacy.not_null_mart_cohort_privacy_dbt_loaded_at.c7f984014e"
[0m23:36:05.980926 [debug] [Thread-2 (]: On test.mimic_privacy.not_null_mart_cohort_privacy_dbt_loaded_at.c7f984014e: /* {"app": "dbt", "dbt_version": "1.11.11", "profile_name": "mimic_privacy", "target_name": "dev", "node_id": "test.mimic_privacy.not_null_mart_cohort_privacy_dbt_loaded_at.c7f984014e"} */

    
    select
      count(*) as failures,
      count(*) != 0 as should_warn,
      count(*) != 0 as should_error
    from (
      
    
  
    
    



select dbt_loaded_at
from `project-c29d8542-a733-449a-996`.`capstone_final_dataset_marts`.`mart_cohort_privacy`
where dbt_loaded_at is null



  
  
      
    ) dbt_internal_test
[0m23:36:05.981333 [debug] [Thread-2 (]: Opening a new connection, currently in state closed
[0m23:36:06.595582 [debug] [Thread-2 (]: BigQuery adapter: https://console.cloud.google.com/bigquery?project=project-c29d8542-a733-449a-996&j=bq:US:a8852de1-536f-42ba-a1d4-d27cbe5c2e8a&page=queryresults
[0m23:36:06.689425 [debug] [Thread-1 (]: BigQuery adapter: https://console.cloud.google.com/bigquery?project=project-c29d8542-a733-449a-996&j=bq:US:8de35757-800b-406a-95e0-071c7e38bd18&page=queryresults
[0m23:36:06.690322 [debug] [Thread-3 (]: BigQuery adapter: https://console.cloud.google.com/bigquery?project=project-c29d8542-a733-449a-996&j=bq:US:44ca2eb3-0ec1-408a-829a-6a9bd7e8bcdd&page=queryresults
[0m23:36:06.705302 [debug] [Thread-4 (]: BigQuery adapter: https://console.cloud.google.com/bigquery?project=project-c29d8542-a733-449a-996&j=bq:US:b2dd4b0a-716c-4f0d-8480-3ea9666b9e62&page=queryresults
[0m23:36:06.830066 [debug] [Thread-2 (]: SQL status: OK in 0.233 seconds
[0m23:36:06.869447 [debug] [Thread-4 (]: SQL status: OK in 0.163 seconds
[0m23:36:06.917447 [debug] [Thread-1 (]: SQL status: OK in 0.226 seconds
[0m23:36:07.031541 [debug] [Thread-3 (]: SQL status: OK in 0.340 seconds
[0m23:36:07.270845 [info ] [Thread-2 (]: 8 of 28 PASS not_null_mart_cohort_privacy_dbt_loaded_at ........................ [[32mPASS[0m in 1.30s]
[0m23:36:07.272410 [debug] [Thread-2 (]: Finished running node test.mimic_privacy.not_null_mart_cohort_privacy_dbt_loaded_at.c7f984014e
[0m23:36:07.272745 [debug] [Thread-2 (]: Began running node test.mimic_privacy.not_null_mart_cohort_privacy_hadm_id.1b7197cf65
[0m23:36:07.273463 [info ] [Thread-2 (]: 9 of 28 START test not_null_mart_cohort_privacy_hadm_id ........................ [RUN]
[0m23:36:07.274392 [debug] [Thread-2 (]: Re-using an available connection from the pool (formerly test.mimic_privacy.not_null_mart_cohort_privacy_dbt_loaded_at.c7f984014e, now test.mimic_privacy.not_null_mart_cohort_privacy_hadm_id.1b7197cf65)
[0m23:36:07.275050 [debug] [Thread-2 (]: Began compiling node test.mimic_privacy.not_null_mart_cohort_privacy_hadm_id.1b7197cf65
[0m23:36:07.287713 [debug] [Thread-2 (]: Writing injected SQL for node "test.mimic_privacy.not_null_mart_cohort_privacy_hadm_id.1b7197cf65"
[0m23:36:07.289559 [debug] [Thread-2 (]: Began executing node test.mimic_privacy.not_null_mart_cohort_privacy_hadm_id.1b7197cf65
[0m23:36:07.291623 [debug] [Thread-2 (]: Writing runtime sql for node "test.mimic_privacy.not_null_mart_cohort_privacy_hadm_id.1b7197cf65"
[0m23:36:07.292167 [debug] [Thread-2 (]: On test.mimic_privacy.not_null_mart_cohort_privacy_hadm_id.1b7197cf65: /* {"app": "dbt", "dbt_version": "1.11.11", "profile_name": "mimic_privacy", "target_name": "dev", "node_id": "test.mimic_privacy.not_null_mart_cohort_privacy_hadm_id.1b7197cf65"} */

    
    select
      count(*) as failures,
      count(*) != 0 as should_warn,
      count(*) != 0 as should_error
    from (
      
    
  
    
    



select hadm_id
from `project-c29d8542-a733-449a-996`.`capstone_final_dataset_marts`.`mart_cohort_privacy`
where hadm_id is null



  
  
      
    ) dbt_internal_test
[0m23:36:07.292470 [debug] [Thread-2 (]: Opening a new connection, currently in state closed
[0m23:36:07.335332 [info ] [Thread-1 (]: 7 of 28 PASS accepted_values_stg_admissions_reidentification_risk__low_risk__medium_risk__high_risk  [[32mPASS[0m in 1.38s]
[0m23:36:07.335750 [debug] [Thread-1 (]: Finished running node test.mimic_privacy.accepted_values_stg_admissions_reidentification_risk__low_risk__medium_risk__high_risk.48a899b136
[0m23:36:07.336033 [debug] [Thread-1 (]: Began running node test.mimic_privacy.not_null_mart_cohort_privacy_has_complete_labs.9499d6bc2e
[0m23:36:07.336225 [info ] [Thread-1 (]: 10 of 28 START test not_null_mart_cohort_privacy_has_complete_labs ............. [RUN]
[0m23:36:07.336478 [debug] [Thread-1 (]: Re-using an available connection from the pool (formerly test.mimic_privacy.accepted_values_stg_admissions_reidentification_risk__low_risk__medium_risk__high_risk.48a899b136, now test.mimic_privacy.not_null_mart_cohort_privacy_has_complete_labs.9499d6bc2e)
[0m23:36:07.336700 [debug] [Thread-1 (]: Began compiling node test.mimic_privacy.not_null_mart_cohort_privacy_has_complete_labs.9499d6bc2e
[0m23:36:07.339119 [debug] [Thread-1 (]: Writing injected SQL for node "test.mimic_privacy.not_null_mart_cohort_privacy_has_complete_labs.9499d6bc2e"
[0m23:36:07.339539 [debug] [Thread-1 (]: Began executing node test.mimic_privacy.not_null_mart_cohort_privacy_has_complete_labs.9499d6bc2e
[0m23:36:07.340662 [debug] [Thread-1 (]: Writing runtime sql for node "test.mimic_privacy.not_null_mart_cohort_privacy_has_complete_labs.9499d6bc2e"
[0m23:36:07.340977 [debug] [Thread-1 (]: On test.mimic_privacy.not_null_mart_cohort_privacy_has_complete_labs.9499d6bc2e: /* {"app": "dbt", "dbt_version": "1.11.11", "profile_name": "mimic_privacy", "target_name": "dev", "node_id": "test.mimic_privacy.not_null_mart_cohort_privacy_has_complete_labs.9499d6bc2e"} */

    
    select
      count(*) as failures,
      count(*) != 0 as should_warn,
      count(*) != 0 as should_error
    from (
      
    
  
    
    



select has_complete_labs
from `project-c29d8542-a733-449a-996`.`capstone_final_dataset_marts`.`mart_cohort_privacy`
where has_complete_labs is null



  
  
      
    ) dbt_internal_test
[0m23:36:07.341188 [debug] [Thread-1 (]: Opening a new connection, currently in state closed
[0m23:36:07.434869 [info ] [Thread-3 (]: 5 of 28 PASS accepted_values_stg_admissions_hospital_expire_flag__False__0__1 .. [[32mPASS[0m in 1.59s]
[0m23:36:07.435419 [debug] [Thread-3 (]: Finished running node test.mimic_privacy.accepted_values_stg_admissions_hospital_expire_flag__False__0__1.5e4157f102
[0m23:36:07.435761 [debug] [Thread-3 (]: Began running node test.mimic_privacy.not_null_mart_cohort_privacy_hospital_expire_flag.84543483dc
[0m23:36:07.436222 [info ] [Thread-3 (]: 11 of 28 START test not_null_mart_cohort_privacy_hospital_expire_flag .......... [RUN]
[0m23:36:07.436550 [debug] [Thread-3 (]: Re-using an available connection from the pool (formerly test.mimic_privacy.accepted_values_stg_admissions_hospital_expire_flag__False__0__1.5e4157f102, now test.mimic_privacy.not_null_mart_cohort_privacy_hospital_expire_flag.84543483dc)
[0m23:36:07.436802 [debug] [Thread-3 (]: Began compiling node test.mimic_privacy.not_null_mart_cohort_privacy_hospital_expire_flag.84543483dc
[0m23:36:07.440076 [debug] [Thread-3 (]: Writing injected SQL for node "test.mimic_privacy.not_null_mart_cohort_privacy_hospital_expire_flag.84543483dc"
[0m23:36:07.440954 [debug] [Thread-3 (]: Began executing node test.mimic_privacy.not_null_mart_cohort_privacy_hospital_expire_flag.84543483dc
[0m23:36:07.442554 [debug] [Thread-3 (]: Writing runtime sql for node "test.mimic_privacy.not_null_mart_cohort_privacy_hospital_expire_flag.84543483dc"
[0m23:36:07.443228 [debug] [Thread-3 (]: On test.mimic_privacy.not_null_mart_cohort_privacy_hospital_expire_flag.84543483dc: /* {"app": "dbt", "dbt_version": "1.11.11", "profile_name": "mimic_privacy", "target_name": "dev", "node_id": "test.mimic_privacy.not_null_mart_cohort_privacy_hospital_expire_flag.84543483dc"} */

    
    select
      count(*) as failures,
      count(*) != 0 as should_warn,
      count(*) != 0 as should_error
    from (
      
    
  
    
    



select hospital_expire_flag
from `project-c29d8542-a733-449a-996`.`capstone_final_dataset_marts`.`mart_cohort_privacy`
where hospital_expire_flag is null



  
  
      
    ) dbt_internal_test
[0m23:36:07.443525 [debug] [Thread-3 (]: Opening a new connection, currently in state closed
[0m23:36:07.490131 [info ] [Thread-4 (]: 6 of 28 PASS accepted_values_stg_admissions_readmitted_30__False__0__1 ......... [[32mPASS[0m in 1.60s]
[0m23:36:07.490556 [debug] [Thread-4 (]: Finished running node test.mimic_privacy.accepted_values_stg_admissions_readmitted_30__False__0__1.a89c9d01fb
[0m23:36:07.490790 [debug] [Thread-4 (]: Began running node test.mimic_privacy.not_null_mart_cohort_privacy_readmitted_30.773922b029
[0m23:36:07.491050 [info ] [Thread-4 (]: 12 of 28 START test not_null_mart_cohort_privacy_readmitted_30 ................. [RUN]
[0m23:36:07.491346 [debug] [Thread-4 (]: Re-using an available connection from the pool (formerly test.mimic_privacy.accepted_values_stg_admissions_readmitted_30__False__0__1.a89c9d01fb, now test.mimic_privacy.not_null_mart_cohort_privacy_readmitted_30.773922b029)
[0m23:36:07.491562 [debug] [Thread-4 (]: Began compiling node test.mimic_privacy.not_null_mart_cohort_privacy_readmitted_30.773922b029
[0m23:36:07.494505 [debug] [Thread-4 (]: Writing injected SQL for node "test.mimic_privacy.not_null_mart_cohort_privacy_readmitted_30.773922b029"
[0m23:36:07.497282 [debug] [Thread-4 (]: Began executing node test.mimic_privacy.not_null_mart_cohort_privacy_readmitted_30.773922b029
[0m23:36:07.498845 [debug] [Thread-4 (]: Writing runtime sql for node "test.mimic_privacy.not_null_mart_cohort_privacy_readmitted_30.773922b029"
[0m23:36:07.499812 [debug] [Thread-4 (]: On test.mimic_privacy.not_null_mart_cohort_privacy_readmitted_30.773922b029: /* {"app": "dbt", "dbt_version": "1.11.11", "profile_name": "mimic_privacy", "target_name": "dev", "node_id": "test.mimic_privacy.not_null_mart_cohort_privacy_readmitted_30.773922b029"} */

    
    select
      count(*) as failures,
      count(*) != 0 as should_warn,
      count(*) != 0 as should_error
    from (
      
    
  
    
    



select readmitted_30
from `project-c29d8542-a733-449a-996`.`capstone_final_dataset_marts`.`mart_cohort_privacy`
where readmitted_30 is null



  
  
      
    ) dbt_internal_test
[0m23:36:07.500067 [debug] [Thread-4 (]: Opening a new connection, currently in state closed
[0m23:36:07.928674 [debug] [Thread-1 (]: BigQuery adapter: https://console.cloud.google.com/bigquery?project=project-c29d8542-a733-449a-996&j=bq:US:a083d143-cd39-473c-aac6-c842b2fe95c4&page=queryresults
[0m23:36:07.993928 [debug] [Thread-2 (]: BigQuery adapter: https://console.cloud.google.com/bigquery?project=project-c29d8542-a733-449a-996&j=bq:US:5368f153-b292-4f0f-8782-1bfbeb58b708&page=queryresults
[0m23:36:08.025736 [debug] [Thread-3 (]: BigQuery adapter: https://console.cloud.google.com/bigquery?project=project-c29d8542-a733-449a-996&j=bq:US:d957507f-dc9c-4ca7-94e0-7b3cc55d1b58&page=queryresults
[0m23:36:08.050016 [debug] [Thread-4 (]: BigQuery adapter: https://console.cloud.google.com/bigquery?project=project-c29d8542-a733-449a-996&j=bq:US:e3681f9b-cf16-46b3-9119-292f449021b1&page=queryresults
[0m23:36:08.193279 [debug] [Thread-2 (]: SQL status: OK in 0.198 seconds
[0m23:36:08.234461 [debug] [Thread-3 (]: SQL status: OK in 0.207 seconds
[0m23:36:08.300822 [debug] [Thread-4 (]: SQL status: OK in 0.249 seconds
[0m23:36:08.550937 [info ] [Thread-2 (]: 9 of 28 PASS not_null_mart_cohort_privacy_hadm_id .............................. [[32mPASS[0m in 1.28s]
[0m23:36:08.552156 [debug] [Thread-2 (]: Finished running node test.mimic_privacy.not_null_mart_cohort_privacy_hadm_id.1b7197cf65
[0m23:36:08.552913 [debug] [Thread-2 (]: Began running node test.mimic_privacy.not_null_mart_cohort_privacy_reidentification_risk.68377bb124
[0m23:36:08.553580 [info ] [Thread-2 (]: 13 of 28 START test not_null_mart_cohort_privacy_reidentification_risk ......... [RUN]
[0m23:36:08.554335 [debug] [Thread-2 (]: Re-using an available connection from the pool (formerly test.mimic_privacy.not_null_mart_cohort_privacy_hadm_id.1b7197cf65, now test.mimic_privacy.not_null_mart_cohort_privacy_reidentification_risk.68377bb124)
[0m23:36:08.554876 [debug] [Thread-2 (]: Began compiling node test.mimic_privacy.not_null_mart_cohort_privacy_reidentification_risk.68377bb124
[0m23:36:08.562585 [debug] [Thread-2 (]: Writing injected SQL for node "test.mimic_privacy.not_null_mart_cohort_privacy_reidentification_risk.68377bb124"
[0m23:36:08.565044 [debug] [Thread-2 (]: Began executing node test.mimic_privacy.not_null_mart_cohort_privacy_reidentification_risk.68377bb124
[0m23:36:08.567988 [debug] [Thread-2 (]: Writing runtime sql for node "test.mimic_privacy.not_null_mart_cohort_privacy_reidentification_risk.68377bb124"
[0m23:36:08.568997 [debug] [Thread-2 (]: On test.mimic_privacy.not_null_mart_cohort_privacy_reidentification_risk.68377bb124: /* {"app": "dbt", "dbt_version": "1.11.11", "profile_name": "mimic_privacy", "target_name": "dev", "node_id": "test.mimic_privacy.not_null_mart_cohort_privacy_reidentification_risk.68377bb124"} */

    
    select
      count(*) as failures,
      count(*) != 0 as should_warn,
      count(*) != 0 as should_error
    from (
      
    
  
    
    



select reidentification_risk
from `project-c29d8542-a733-449a-996`.`capstone_final_dataset_marts`.`mart_cohort_privacy`
where reidentification_risk is null



  
  
      
    ) dbt_internal_test
[0m23:36:08.569536 [debug] [Thread-2 (]: Opening a new connection, currently in state closed
[0m23:36:08.645845 [info ] [Thread-3 (]: 11 of 28 PASS not_null_mart_cohort_privacy_hospital_expire_flag ................ [[32mPASS[0m in 1.21s]
[0m23:36:08.646463 [debug] [Thread-3 (]: Finished running node test.mimic_privacy.not_null_mart_cohort_privacy_hospital_expire_flag.84543483dc
[0m23:36:08.646832 [debug] [Thread-3 (]: Began running node test.mimic_privacy.not_null_mart_cohort_privacy_subject_id.6c4b31c83a
[0m23:36:08.647194 [info ] [Thread-3 (]: 14 of 28 START test not_null_mart_cohort_privacy_subject_id .................... [RUN]
[0m23:36:08.647533 [debug] [Thread-3 (]: Re-using an available connection from the pool (formerly test.mimic_privacy.not_null_mart_cohort_privacy_hospital_expire_flag.84543483dc, now test.mimic_privacy.not_null_mart_cohort_privacy_subject_id.6c4b31c83a)
[0m23:36:08.647821 [debug] [Thread-3 (]: Began compiling node test.mimic_privacy.not_null_mart_cohort_privacy_subject_id.6c4b31c83a
[0m23:36:08.651781 [debug] [Thread-3 (]: Writing injected SQL for node "test.mimic_privacy.not_null_mart_cohort_privacy_subject_id.6c4b31c83a"
[0m23:36:08.652438 [debug] [Thread-3 (]: Began executing node test.mimic_privacy.not_null_mart_cohort_privacy_subject_id.6c4b31c83a
[0m23:36:08.654398 [debug] [Thread-3 (]: Writing runtime sql for node "test.mimic_privacy.not_null_mart_cohort_privacy_subject_id.6c4b31c83a"
[0m23:36:08.655025 [debug] [Thread-3 (]: On test.mimic_privacy.not_null_mart_cohort_privacy_subject_id.6c4b31c83a: /* {"app": "dbt", "dbt_version": "1.11.11", "profile_name": "mimic_privacy", "target_name": "dev", "node_id": "test.mimic_privacy.not_null_mart_cohort_privacy_subject_id.6c4b31c83a"} */

    
    select
      count(*) as failures,
      count(*) != 0 as should_warn,
      count(*) != 0 as should_error
    from (
      
    
  
    
    



select subject_id
from `project-c29d8542-a733-449a-996`.`capstone_final_dataset_marts`.`mart_cohort_privacy`
where subject_id is null



  
  
      
    ) dbt_internal_test
[0m23:36:08.655387 [debug] [Thread-3 (]: Opening a new connection, currently in state closed
[0m23:36:08.784588 [info ] [Thread-4 (]: 12 of 28 PASS not_null_mart_cohort_privacy_readmitted_30 ....................... [[32mPASS[0m in 1.29s]
[0m23:36:08.785220 [debug] [Thread-4 (]: Finished running node test.mimic_privacy.not_null_mart_cohort_privacy_readmitted_30.773922b029
[0m23:36:08.785552 [debug] [Thread-4 (]: Began running node test.mimic_privacy.not_null_stg_admissions_age_at_admission.6e32f8ebe9
[0m23:36:08.785919 [info ] [Thread-4 (]: 15 of 28 START test not_null_stg_admissions_age_at_admission ................... [RUN]
[0m23:36:08.786409 [debug] [Thread-4 (]: Re-using an available connection from the pool (formerly test.mimic_privacy.not_null_mart_cohort_privacy_readmitted_30.773922b029, now test.mimic_privacy.not_null_stg_admissions_age_at_admission.6e32f8ebe9)
[0m23:36:08.786796 [debug] [Thread-4 (]: Began compiling node test.mimic_privacy.not_null_stg_admissions_age_at_admission.6e32f8ebe9
[0m23:36:08.790104 [debug] [Thread-4 (]: Writing injected SQL for node "test.mimic_privacy.not_null_stg_admissions_age_at_admission.6e32f8ebe9"
[0m23:36:08.790783 [debug] [Thread-4 (]: Began executing node test.mimic_privacy.not_null_stg_admissions_age_at_admission.6e32f8ebe9
[0m23:36:08.796890 [debug] [Thread-4 (]: Writing runtime sql for node "test.mimic_privacy.not_null_stg_admissions_age_at_admission.6e32f8ebe9"
[0m23:36:08.798176 [debug] [Thread-4 (]: On test.mimic_privacy.not_null_stg_admissions_age_at_admission.6e32f8ebe9: /* {"app": "dbt", "dbt_version": "1.11.11", "profile_name": "mimic_privacy", "target_name": "dev", "node_id": "test.mimic_privacy.not_null_stg_admissions_age_at_admission.6e32f8ebe9"} */

    
    select
      count(*) as failures,
      count(*) != 0 as should_warn,
      count(*) != 0 as should_error
    from (
      
    
  
    
    



select age_at_admission
from `project-c29d8542-a733-449a-996`.`capstone_final_dataset_staging`.`stg_admissions`
where age_at_admission is null



  
  
      
    ) dbt_internal_test
[0m23:36:08.798536 [debug] [Thread-4 (]: Opening a new connection, currently in state closed
[0m23:36:09.059011 [debug] [Thread-2 (]: BigQuery adapter: https://console.cloud.google.com/bigquery?project=project-c29d8542-a733-449a-996&j=bq:US:a4b3663c-47b0-47c6-b97d-118b19f0860a&page=queryresults
[0m23:36:09.245735 [debug] [Thread-3 (]: BigQuery adapter: https://console.cloud.google.com/bigquery?project=project-c29d8542-a733-449a-996&j=bq:US:589398f8-e81c-4e55-8590-fff199a97ad0&page=queryresults
[0m23:36:09.250744 [debug] [Thread-2 (]: SQL status: OK in 0.191 seconds
[0m23:36:09.251276 [debug] [Thread-4 (]: BigQuery adapter: https://console.cloud.google.com/bigquery?project=project-c29d8542-a733-449a-996&j=bq:US:1f9a1329-1e85-4b12-96b3-bb175b3b7ec0&page=queryresults
[0m23:36:09.416795 [debug] [Thread-4 (]: SQL status: OK in 0.165 seconds
[0m23:36:09.435691 [debug] [Thread-3 (]: SQL status: OK in 0.189 seconds
[0m23:36:09.689850 [info ] [Thread-2 (]: 13 of 28 PASS not_null_mart_cohort_privacy_reidentification_risk ............... [[32mPASS[0m in 1.14s]
[0m23:36:09.690641 [debug] [Thread-2 (]: Finished running node test.mimic_privacy.not_null_mart_cohort_privacy_reidentification_risk.68377bb124
[0m23:36:09.691100 [debug] [Thread-2 (]: Began running node test.mimic_privacy.not_null_stg_admissions_age_band.2c9519be3d
[0m23:36:09.691543 [info ] [Thread-2 (]: 16 of 28 START test not_null_stg_admissions_age_band ........................... [RUN]
[0m23:36:09.692022 [debug] [Thread-2 (]: Re-using an available connection from the pool (formerly test.mimic_privacy.not_null_mart_cohort_privacy_reidentification_risk.68377bb124, now test.mimic_privacy.not_null_stg_admissions_age_band.2c9519be3d)
[0m23:36:09.692684 [debug] [Thread-2 (]: Began compiling node test.mimic_privacy.not_null_stg_admissions_age_band.2c9519be3d
[0m23:36:09.696915 [debug] [Thread-2 (]: Writing injected SQL for node "test.mimic_privacy.not_null_stg_admissions_age_band.2c9519be3d"
[0m23:36:09.697790 [debug] [Thread-2 (]: Began executing node test.mimic_privacy.not_null_stg_admissions_age_band.2c9519be3d
[0m23:36:09.700936 [debug] [Thread-2 (]: Writing runtime sql for node "test.mimic_privacy.not_null_stg_admissions_age_band.2c9519be3d"
[0m23:36:09.701620 [debug] [Thread-2 (]: On test.mimic_privacy.not_null_stg_admissions_age_band.2c9519be3d: /* {"app": "dbt", "dbt_version": "1.11.11", "profile_name": "mimic_privacy", "target_name": "dev", "node_id": "test.mimic_privacy.not_null_stg_admissions_age_band.2c9519be3d"} */

    
    select
      count(*) as failures,
      count(*) != 0 as should_warn,
      count(*) != 0 as should_error
    from (
      
    
  
    
    



select age_band
from `project-c29d8542-a733-449a-996`.`capstone_final_dataset_staging`.`stg_admissions`
where age_band is null



  
  
      
    ) dbt_internal_test
[0m23:36:09.702000 [debug] [Thread-2 (]: Opening a new connection, currently in state closed
[0m23:36:09.816431 [info ] [Thread-3 (]: 14 of 28 PASS not_null_mart_cohort_privacy_subject_id .......................... [[32mPASS[0m in 1.17s]
[0m23:36:09.817160 [debug] [Thread-3 (]: Finished running node test.mimic_privacy.not_null_mart_cohort_privacy_subject_id.6c4b31c83a
[0m23:36:09.818344 [debug] [Thread-3 (]: Began running node test.mimic_privacy.not_null_stg_admissions_ethnicity_grouped.3f32fbe626
[0m23:36:09.818779 [info ] [Thread-3 (]: 17 of 28 START test not_null_stg_admissions_ethnicity_grouped .................. [RUN]
[0m23:36:09.819746 [debug] [Thread-3 (]: Re-using an available connection from the pool (formerly test.mimic_privacy.not_null_mart_cohort_privacy_subject_id.6c4b31c83a, now test.mimic_privacy.not_null_stg_admissions_ethnicity_grouped.3f32fbe626)
[0m23:36:09.821392 [info ] [Thread-4 (]: 15 of 28 PASS not_null_stg_admissions_age_at_admission ......................... [[32mPASS[0m in 1.03s]
[0m23:36:09.821722 [debug] [Thread-3 (]: Began compiling node test.mimic_privacy.not_null_stg_admissions_ethnicity_grouped.3f32fbe626
[0m23:36:09.822339 [debug] [Thread-4 (]: Finished running node test.mimic_privacy.not_null_stg_admissions_age_at_admission.6e32f8ebe9
[0m23:36:09.825929 [debug] [Thread-3 (]: Writing injected SQL for node "test.mimic_privacy.not_null_stg_admissions_ethnicity_grouped.3f32fbe626"
[0m23:36:09.826312 [debug] [Thread-4 (]: Began running node test.mimic_privacy.not_null_stg_admissions_hadm_id.29c23e14e9
[0m23:36:09.826724 [info ] [Thread-4 (]: 18 of 28 START test not_null_stg_admissions_hadm_id ............................ [RUN]
[0m23:36:09.827095 [debug] [Thread-4 (]: Re-using an available connection from the pool (formerly test.mimic_privacy.not_null_stg_admissions_age_at_admission.6e32f8ebe9, now test.mimic_privacy.not_null_stg_admissions_hadm_id.29c23e14e9)
[0m23:36:09.827390 [debug] [Thread-4 (]: Began compiling node test.mimic_privacy.not_null_stg_admissions_hadm_id.29c23e14e9
[0m23:36:09.830816 [debug] [Thread-4 (]: Writing injected SQL for node "test.mimic_privacy.not_null_stg_admissions_hadm_id.29c23e14e9"
[0m23:36:09.831205 [debug] [Thread-3 (]: Began executing node test.mimic_privacy.not_null_stg_admissions_ethnicity_grouped.3f32fbe626
[0m23:36:09.833178 [debug] [Thread-3 (]: Writing runtime sql for node "test.mimic_privacy.not_null_stg_admissions_ethnicity_grouped.3f32fbe626"
[0m23:36:09.833546 [debug] [Thread-4 (]: Began executing node test.mimic_privacy.not_null_stg_admissions_hadm_id.29c23e14e9
[0m23:36:09.835684 [debug] [Thread-4 (]: Writing runtime sql for node "test.mimic_privacy.not_null_stg_admissions_hadm_id.29c23e14e9"
[0m23:36:09.836745 [debug] [Thread-3 (]: On test.mimic_privacy.not_null_stg_admissions_ethnicity_grouped.3f32fbe626: /* {"app": "dbt", "dbt_version": "1.11.11", "profile_name": "mimic_privacy", "target_name": "dev", "node_id": "test.mimic_privacy.not_null_stg_admissions_ethnicity_grouped.3f32fbe626"} */

    
    select
      count(*) as failures,
      count(*) != 0 as should_warn,
      count(*) != 0 as should_error
    from (
      
    
  
    
    



select ethnicity_grouped
from `project-c29d8542-a733-449a-996`.`capstone_final_dataset_staging`.`stg_admissions`
where ethnicity_grouped is null



  
  
      
    ) dbt_internal_test
[0m23:36:09.837098 [debug] [Thread-4 (]: On test.mimic_privacy.not_null_stg_admissions_hadm_id.29c23e14e9: /* {"app": "dbt", "dbt_version": "1.11.11", "profile_name": "mimic_privacy", "target_name": "dev", "node_id": "test.mimic_privacy.not_null_stg_admissions_hadm_id.29c23e14e9"} */

    
    select
      count(*) as failures,
      count(*) != 0 as should_warn,
      count(*) != 0 as should_error
    from (
      
    
  
    
    



select hadm_id
from `project-c29d8542-a733-449a-996`.`capstone_final_dataset_staging`.`stg_admissions`
where hadm_id is null



  
  
      
    ) dbt_internal_test
[0m23:36:09.837443 [debug] [Thread-3 (]: Opening a new connection, currently in state closed
[0m23:36:09.837713 [debug] [Thread-4 (]: Opening a new connection, currently in state closed
[0m23:36:10.392731 [debug] [Thread-2 (]: BigQuery adapter: https://console.cloud.google.com/bigquery?project=project-c29d8542-a733-449a-996&j=bq:US:a844be22-ce61-40b3-abd1-978ebce5ce74&page=queryresults
[0m23:36:10.411619 [debug] [Thread-4 (]: BigQuery adapter: https://console.cloud.google.com/bigquery?project=project-c29d8542-a733-449a-996&j=bq:US:806b692b-52b2-41e1-b731-6af480647a5a&page=queryresults
[0m23:36:10.510411 [debug] [Thread-3 (]: BigQuery adapter: https://console.cloud.google.com/bigquery?project=project-c29d8542-a733-449a-996&j=bq:US:6f4a09aa-ce2b-4456-a7c5-07c0737c7623&page=queryresults
[0m23:36:10.641230 [debug] [Thread-2 (]: SQL status: OK in 0.247 seconds
[0m23:36:10.711206 [debug] [Thread-4 (]: SQL status: OK in 0.299 seconds
[0m23:36:10.722665 [debug] [Thread-3 (]: SQL status: OK in 0.211 seconds
[0m23:36:11.034884 [info ] [Thread-2 (]: 16 of 28 PASS not_null_stg_admissions_age_band ................................. [[32mPASS[0m in 1.34s]
[0m23:36:11.035937 [debug] [Thread-2 (]: Finished running node test.mimic_privacy.not_null_stg_admissions_age_band.2c9519be3d
[0m23:36:11.036810 [debug] [Thread-2 (]: Began running node test.mimic_privacy.not_null_stg_admissions_hospital_expire_flag.54711cbc6f
[0m23:36:11.037499 [info ] [Thread-2 (]: 19 of 28 START test not_null_stg_admissions_hospital_expire_flag ............... [RUN]
[0m23:36:11.038207 [debug] [Thread-2 (]: Re-using an available connection from the pool (formerly test.mimic_privacy.not_null_stg_admissions_age_band.2c9519be3d, now test.mimic_privacy.not_null_stg_admissions_hospital_expire_flag.54711cbc6f)
[0m23:36:11.038737 [debug] [Thread-2 (]: Began compiling node test.mimic_privacy.not_null_stg_admissions_hospital_expire_flag.54711cbc6f
[0m23:36:11.044527 [debug] [Thread-2 (]: Writing injected SQL for node "test.mimic_privacy.not_null_stg_admissions_hospital_expire_flag.54711cbc6f"
[0m23:36:11.045436 [debug] [Thread-2 (]: Began executing node test.mimic_privacy.not_null_stg_admissions_hospital_expire_flag.54711cbc6f
[0m23:36:11.048130 [debug] [Thread-2 (]: Writing runtime sql for node "test.mimic_privacy.not_null_stg_admissions_hospital_expire_flag.54711cbc6f"
[0m23:36:11.050019 [debug] [Thread-2 (]: On test.mimic_privacy.not_null_stg_admissions_hospital_expire_flag.54711cbc6f: /* {"app": "dbt", "dbt_version": "1.11.11", "profile_name": "mimic_privacy", "target_name": "dev", "node_id": "test.mimic_privacy.not_null_stg_admissions_hospital_expire_flag.54711cbc6f"} */

    
    select
      count(*) as failures,
      count(*) != 0 as should_warn,
      count(*) != 0 as should_error
    from (
      
    
  
    
    



select hospital_expire_flag
from `project-c29d8542-a733-449a-996`.`capstone_final_dataset_staging`.`stg_admissions`
where hospital_expire_flag is null



  
  
      
    ) dbt_internal_test
[0m23:36:11.050722 [debug] [Thread-2 (]: Opening a new connection, currently in state closed
[0m23:36:11.101194 [info ] [Thread-3 (]: 17 of 28 PASS not_null_stg_admissions_ethnicity_grouped ........................ [[32mPASS[0m in 1.28s]
[0m23:36:11.102165 [debug] [Thread-3 (]: Finished running node test.mimic_privacy.not_null_stg_admissions_ethnicity_grouped.3f32fbe626
[0m23:36:11.102488 [debug] [Thread-3 (]: Began running node test.mimic_privacy.not_null_stg_admissions_readmitted_30.295560d5c8
[0m23:36:11.104403 [info ] [Thread-4 (]: 18 of 28 PASS not_null_stg_admissions_hadm_id .................................. [[32mPASS[0m in 1.28s]
[0m23:36:11.104744 [info ] [Thread-3 (]: 20 of 28 START test not_null_stg_admissions_readmitted_30 ...................... [RUN]
[0m23:36:11.105165 [debug] [Thread-4 (]: Finished running node test.mimic_privacy.not_null_stg_admissions_hadm_id.29c23e14e9
[0m23:36:11.105449 [debug] [Thread-3 (]: Re-using an available connection from the pool (formerly test.mimic_privacy.not_null_stg_admissions_ethnicity_grouped.3f32fbe626, now test.mimic_privacy.not_null_stg_admissions_readmitted_30.295560d5c8)
[0m23:36:11.105739 [debug] [Thread-4 (]: Began running node test.mimic_privacy.not_null_stg_admissions_reidentification_risk.4a5aa2ff06
[0m23:36:11.106007 [debug] [Thread-3 (]: Began compiling node test.mimic_privacy.not_null_stg_admissions_readmitted_30.295560d5c8
[0m23:36:11.106267 [info ] [Thread-4 (]: 21 of 28 START test not_null_stg_admissions_reidentification_risk .............. [RUN]
[0m23:36:11.109409 [debug] [Thread-3 (]: Writing injected SQL for node "test.mimic_privacy.not_null_stg_admissions_readmitted_30.295560d5c8"
[0m23:36:11.109733 [debug] [Thread-4 (]: Re-using an available connection from the pool (formerly test.mimic_privacy.not_null_stg_admissions_hadm_id.29c23e14e9, now test.mimic_privacy.not_null_stg_admissions_reidentification_risk.4a5aa2ff06)
[0m23:36:11.110049 [debug] [Thread-4 (]: Began compiling node test.mimic_privacy.not_null_stg_admissions_reidentification_risk.4a5aa2ff06
[0m23:36:11.112725 [debug] [Thread-4 (]: Writing injected SQL for node "test.mimic_privacy.not_null_stg_admissions_reidentification_risk.4a5aa2ff06"
[0m23:36:11.113162 [debug] [Thread-3 (]: Began executing node test.mimic_privacy.not_null_stg_admissions_readmitted_30.295560d5c8
[0m23:36:11.115269 [debug] [Thread-3 (]: Writing runtime sql for node "test.mimic_privacy.not_null_stg_admissions_readmitted_30.295560d5c8"
[0m23:36:11.115541 [debug] [Thread-4 (]: Began executing node test.mimic_privacy.not_null_stg_admissions_reidentification_risk.4a5aa2ff06
[0m23:36:11.117248 [debug] [Thread-4 (]: Writing runtime sql for node "test.mimic_privacy.not_null_stg_admissions_reidentification_risk.4a5aa2ff06"
[0m23:36:11.117680 [debug] [Thread-3 (]: On test.mimic_privacy.not_null_stg_admissions_readmitted_30.295560d5c8: /* {"app": "dbt", "dbt_version": "1.11.11", "profile_name": "mimic_privacy", "target_name": "dev", "node_id": "test.mimic_privacy.not_null_stg_admissions_readmitted_30.295560d5c8"} */

    
    select
      count(*) as failures,
      count(*) != 0 as should_warn,
      count(*) != 0 as should_error
    from (
      
    
  
    
    



select readmitted_30
from `project-c29d8542-a733-449a-996`.`capstone_final_dataset_staging`.`stg_admissions`
where readmitted_30 is null



  
  
      
    ) dbt_internal_test
[0m23:36:11.117999 [debug] [Thread-3 (]: Opening a new connection, currently in state closed
[0m23:36:11.118274 [debug] [Thread-4 (]: On test.mimic_privacy.not_null_stg_admissions_reidentification_risk.4a5aa2ff06: /* {"app": "dbt", "dbt_version": "1.11.11", "profile_name": "mimic_privacy", "target_name": "dev", "node_id": "test.mimic_privacy.not_null_stg_admissions_reidentification_risk.4a5aa2ff06"} */

    
    select
      count(*) as failures,
      count(*) != 0 as should_warn,
      count(*) != 0 as should_error
    from (
      
    
  
    
    



select reidentification_risk
from `project-c29d8542-a733-449a-996`.`capstone_final_dataset_staging`.`stg_admissions`
where reidentification_risk is null



  
  
      
    ) dbt_internal_test
[0m23:36:11.119307 [debug] [Thread-4 (]: Opening a new connection, currently in state closed
[0m23:36:11.715258 [debug] [Thread-2 (]: BigQuery adapter: https://console.cloud.google.com/bigquery?project=project-c29d8542-a733-449a-996&j=bq:US:5611572a-43b5-4963-92ce-18842c4453f1&page=queryresults
[0m23:36:11.768213 [debug] [Thread-3 (]: BigQuery adapter: https://console.cloud.google.com/bigquery?project=project-c29d8542-a733-449a-996&j=bq:US:b79efb99-c8a8-4edf-b23b-26dadd9624ba&page=queryresults
[0m23:36:11.922318 [debug] [Thread-2 (]: SQL status: OK in 0.206 seconds
[0m23:36:12.128292 [debug] [Thread-4 (]: BigQuery adapter: https://console.cloud.google.com/bigquery?project=project-c29d8542-a733-449a-996&j=bq:US:9a8fe9c8-5eee-4243-9706-e674eac0acbc&page=queryresults
[0m23:36:12.208504 [debug] [Thread-3 (]: SQL status: OK in 0.439 seconds
[0m23:36:12.316005 [info ] [Thread-2 (]: 19 of 28 PASS not_null_stg_admissions_hospital_expire_flag ..................... [[32mPASS[0m in 1.28s]
[0m23:36:12.317510 [debug] [Thread-2 (]: Finished running node test.mimic_privacy.not_null_stg_admissions_hospital_expire_flag.54711cbc6f
[0m23:36:12.318268 [debug] [Thread-2 (]: Began running node test.mimic_privacy.not_null_stg_admissions_subject_id.fa20d4b963
[0m23:36:12.319135 [info ] [Thread-2 (]: 22 of 28 START test not_null_stg_admissions_subject_id ......................... [RUN]
[0m23:36:12.319980 [debug] [Thread-2 (]: Re-using an available connection from the pool (formerly test.mimic_privacy.not_null_stg_admissions_hospital_expire_flag.54711cbc6f, now test.mimic_privacy.not_null_stg_admissions_subject_id.fa20d4b963)
[0m23:36:12.320522 [debug] [Thread-2 (]: Began compiling node test.mimic_privacy.not_null_stg_admissions_subject_id.fa20d4b963
[0m23:36:12.327738 [debug] [Thread-2 (]: Writing injected SQL for node "test.mimic_privacy.not_null_stg_admissions_subject_id.fa20d4b963"
[0m23:36:12.329723 [debug] [Thread-2 (]: Began executing node test.mimic_privacy.not_null_stg_admissions_subject_id.fa20d4b963
[0m23:36:12.332670 [debug] [Thread-2 (]: Writing runtime sql for node "test.mimic_privacy.not_null_stg_admissions_subject_id.fa20d4b963"
[0m23:36:12.333810 [debug] [Thread-2 (]: On test.mimic_privacy.not_null_stg_admissions_subject_id.fa20d4b963: /* {"app": "dbt", "dbt_version": "1.11.11", "profile_name": "mimic_privacy", "target_name": "dev", "node_id": "test.mimic_privacy.not_null_stg_admissions_subject_id.fa20d4b963"} */

    
    select
      count(*) as failures,
      count(*) != 0 as should_warn,
      count(*) != 0 as should_error
    from (
      
    
  
    
    



select subject_id
from `project-c29d8542-a733-449a-996`.`capstone_final_dataset_staging`.`stg_admissions`
where subject_id is null



  
  
      
    ) dbt_internal_test
[0m23:36:12.334358 [debug] [Thread-2 (]: Opening a new connection, currently in state closed
[0m23:36:12.353562 [debug] [Thread-4 (]: SQL status: OK in 0.224 seconds
[0m23:36:12.572558 [info ] [Thread-3 (]: 20 of 28 PASS not_null_stg_admissions_readmitted_30 ............................ [[32mPASS[0m in 1.47s]
[0m23:36:12.573384 [debug] [Thread-3 (]: Finished running node test.mimic_privacy.not_null_stg_admissions_readmitted_30.295560d5c8
[0m23:36:12.573859 [debug] [Thread-3 (]: Began running node test.mimic_privacy.not_null_stg_lab_features_hadm_id.cf60b75d90
[0m23:36:12.574371 [info ] [Thread-3 (]: 23 of 28 START test not_null_stg_lab_features_hadm_id .......................... [RUN]
[0m23:36:12.574955 [debug] [Thread-3 (]: Re-using an available connection from the pool (formerly test.mimic_privacy.not_null_stg_admissions_readmitted_30.295560d5c8, now test.mimic_privacy.not_null_stg_lab_features_hadm_id.cf60b75d90)
[0m23:36:12.575402 [debug] [Thread-3 (]: Began compiling node test.mimic_privacy.not_null_stg_lab_features_hadm_id.cf60b75d90
[0m23:36:12.580906 [debug] [Thread-3 (]: Writing injected SQL for node "test.mimic_privacy.not_null_stg_lab_features_hadm_id.cf60b75d90"
[0m23:36:12.581788 [debug] [Thread-3 (]: Began executing node test.mimic_privacy.not_null_stg_lab_features_hadm_id.cf60b75d90
[0m23:36:12.584132 [debug] [Thread-3 (]: Writing runtime sql for node "test.mimic_privacy.not_null_stg_lab_features_hadm_id.cf60b75d90"
[0m23:36:12.584937 [debug] [Thread-3 (]: On test.mimic_privacy.not_null_stg_lab_features_hadm_id.cf60b75d90: /* {"app": "dbt", "dbt_version": "1.11.11", "profile_name": "mimic_privacy", "target_name": "dev", "node_id": "test.mimic_privacy.not_null_stg_lab_features_hadm_id.cf60b75d90"} */

    
    select
      count(*) as failures,
      count(*) != 0 as should_warn,
      count(*) != 0 as should_error
    from (
      
    
  
    
    



select hadm_id
from `project-c29d8542-a733-449a-996`.`capstone_final_dataset_staging`.`stg_lab_features`
where hadm_id is null



  
  
      
    ) dbt_internal_test
[0m23:36:12.585694 [debug] [Thread-3 (]: Opening a new connection, currently in state closed
[0m23:36:12.795048 [info ] [Thread-4 (]: 21 of 28 PASS not_null_stg_admissions_reidentification_risk .................... [[32mPASS[0m in 1.68s]
[0m23:36:12.796115 [debug] [Thread-4 (]: Finished running node test.mimic_privacy.not_null_stg_admissions_reidentification_risk.4a5aa2ff06
[0m23:36:12.796697 [debug] [Thread-4 (]: Began running node test.mimic_privacy.not_null_stg_lab_features_has_complete_labs.0a8850dc73
[0m23:36:12.797312 [info ] [Thread-4 (]: 24 of 28 START test not_null_stg_lab_features_has_complete_labs ................ [RUN]
[0m23:36:12.798008 [debug] [Thread-4 (]: Re-using an available connection from the pool (formerly test.mimic_privacy.not_null_stg_admissions_reidentification_risk.4a5aa2ff06, now test.mimic_privacy.not_null_stg_lab_features_has_complete_labs.0a8850dc73)
[0m23:36:12.798548 [debug] [Thread-4 (]: Began compiling node test.mimic_privacy.not_null_stg_lab_features_has_complete_labs.0a8850dc73
[0m23:36:12.805272 [debug] [Thread-4 (]: Writing injected SQL for node "test.mimic_privacy.not_null_stg_lab_features_has_complete_labs.0a8850dc73"
[0m23:36:12.806285 [debug] [Thread-4 (]: Began executing node test.mimic_privacy.not_null_stg_lab_features_has_complete_labs.0a8850dc73
[0m23:36:12.808939 [debug] [Thread-4 (]: Writing runtime sql for node "test.mimic_privacy.not_null_stg_lab_features_has_complete_labs.0a8850dc73"
[0m23:36:12.809763 [debug] [Thread-4 (]: On test.mimic_privacy.not_null_stg_lab_features_has_complete_labs.0a8850dc73: /* {"app": "dbt", "dbt_version": "1.11.11", "profile_name": "mimic_privacy", "target_name": "dev", "node_id": "test.mimic_privacy.not_null_stg_lab_features_has_complete_labs.0a8850dc73"} */

    
    select
      count(*) as failures,
      count(*) != 0 as should_warn,
      count(*) != 0 as should_error
    from (
      
    
  
    
    



select has_complete_labs
from `project-c29d8542-a733-449a-996`.`capstone_final_dataset_staging`.`stg_lab_features`
where has_complete_labs is null



  
  
      
    ) dbt_internal_test
[0m23:36:12.810268 [debug] [Thread-4 (]: Opening a new connection, currently in state closed
[0m23:36:12.946273 [debug] [Thread-2 (]: BigQuery adapter: https://console.cloud.google.com/bigquery?project=project-c29d8542-a733-449a-996&j=bq:US:0af0760d-d918-411c-9d44-28b201c5cc51&page=queryresults
[0m23:36:13.144893 [debug] [Thread-2 (]: SQL status: OK in 0.198 seconds
[0m23:36:13.296625 [debug] [Thread-3 (]: BigQuery adapter: https://console.cloud.google.com/bigquery?project=project-c29d8542-a733-449a-996&j=bq:US:f809ffed-c55d-4e56-b383-a5532a579b98&page=queryresults
[0m23:36:13.449956 [debug] [Thread-4 (]: BigQuery adapter: https://console.cloud.google.com/bigquery?project=project-c29d8542-a733-449a-996&j=bq:US:966b28d8-2538-4810-96aa-6ba2f1e98f1c&page=queryresults
[0m23:36:13.518372 [info ] [Thread-2 (]: 22 of 28 PASS not_null_stg_admissions_subject_id ............................... [[32mPASS[0m in 1.20s]
[0m23:36:13.519368 [debug] [Thread-2 (]: Finished running node test.mimic_privacy.not_null_stg_admissions_subject_id.fa20d4b963
[0m23:36:13.520013 [debug] [Thread-2 (]: Began running node test.mimic_privacy.not_null_stg_lab_features_subject_id.900909f3cf
[0m23:36:13.520631 [info ] [Thread-2 (]: 25 of 28 START test not_null_stg_lab_features_subject_id ....................... [RUN]
[0m23:36:13.521338 [debug] [Thread-2 (]: Re-using an available connection from the pool (formerly test.mimic_privacy.not_null_stg_admissions_subject_id.fa20d4b963, now test.mimic_privacy.not_null_stg_lab_features_subject_id.900909f3cf)
[0m23:36:13.522358 [debug] [Thread-2 (]: Began compiling node test.mimic_privacy.not_null_stg_lab_features_subject_id.900909f3cf
[0m23:36:13.529487 [debug] [Thread-3 (]: SQL status: OK in 0.232 seconds
[0m23:36:13.529932 [debug] [Thread-2 (]: Writing injected SQL for node "test.mimic_privacy.not_null_stg_lab_features_subject_id.900909f3cf"
[0m23:36:13.531692 [debug] [Thread-2 (]: Began executing node test.mimic_privacy.not_null_stg_lab_features_subject_id.900909f3cf
[0m23:36:13.534580 [debug] [Thread-2 (]: Writing runtime sql for node "test.mimic_privacy.not_null_stg_lab_features_subject_id.900909f3cf"
[0m23:36:13.535840 [debug] [Thread-2 (]: On test.mimic_privacy.not_null_stg_lab_features_subject_id.900909f3cf: /* {"app": "dbt", "dbt_version": "1.11.11", "profile_name": "mimic_privacy", "target_name": "dev", "node_id": "test.mimic_privacy.not_null_stg_lab_features_subject_id.900909f3cf"} */

    
    select
      count(*) as failures,
      count(*) != 0 as should_warn,
      count(*) != 0 as should_error
    from (
      
    
  
    
    



select subject_id
from `project-c29d8542-a733-449a-996`.`capstone_final_dataset_staging`.`stg_lab_features`
where subject_id is null



  
  
      
    ) dbt_internal_test
[0m23:36:13.536344 [debug] [Thread-2 (]: Opening a new connection, currently in state closed
[0m23:36:13.683226 [debug] [Thread-4 (]: SQL status: OK in 0.232 seconds
[0m23:36:13.947373 [info ] [Thread-3 (]: 23 of 28 PASS not_null_stg_lab_features_hadm_id ................................ [[32mPASS[0m in 1.37s]
[0m23:36:13.948338 [debug] [Thread-3 (]: Finished running node test.mimic_privacy.not_null_stg_lab_features_hadm_id.cf60b75d90
[0m23:36:13.948908 [debug] [Thread-3 (]: Began running node test.mimic_privacy.unique_mart_cohort_privacy_hadm_id.401b81d410
[0m23:36:13.949514 [info ] [Thread-3 (]: 26 of 28 START test unique_mart_cohort_privacy_hadm_id ......................... [RUN]
[0m23:36:13.950208 [debug] [Thread-3 (]: Re-using an available connection from the pool (formerly test.mimic_privacy.not_null_stg_lab_features_hadm_id.cf60b75d90, now test.mimic_privacy.unique_mart_cohort_privacy_hadm_id.401b81d410)
[0m23:36:13.950732 [debug] [Thread-3 (]: Began compiling node test.mimic_privacy.unique_mart_cohort_privacy_hadm_id.401b81d410
[0m23:36:13.960397 [debug] [Thread-3 (]: Writing injected SQL for node "test.mimic_privacy.unique_mart_cohort_privacy_hadm_id.401b81d410"
[0m23:36:13.961454 [debug] [Thread-3 (]: Began executing node test.mimic_privacy.unique_mart_cohort_privacy_hadm_id.401b81d410
[0m23:36:13.964112 [debug] [Thread-3 (]: Writing runtime sql for node "test.mimic_privacy.unique_mart_cohort_privacy_hadm_id.401b81d410"
[0m23:36:13.965246 [debug] [Thread-3 (]: On test.mimic_privacy.unique_mart_cohort_privacy_hadm_id.401b81d410: /* {"app": "dbt", "dbt_version": "1.11.11", "profile_name": "mimic_privacy", "target_name": "dev", "node_id": "test.mimic_privacy.unique_mart_cohort_privacy_hadm_id.401b81d410"} */

    
    select
      count(*) as failures,
      count(*) != 0 as should_warn,
      count(*) != 0 as should_error
    from (
      
    
  
    
    

with dbt_test__target as (

  select hadm_id as unique_field
  from `project-c29d8542-a733-449a-996`.`capstone_final_dataset_marts`.`mart_cohort_privacy`
  where hadm_id is not null

)

select
    unique_field,
    count(*) as n_records

from dbt_test__target
group by unique_field
having count(*) > 1



  
  
      
    ) dbt_internal_test
[0m23:36:13.965887 [debug] [Thread-3 (]: Opening a new connection, currently in state closed
[0m23:36:14.120572 [info ] [Thread-4 (]: 24 of 28 PASS not_null_stg_lab_features_has_complete_labs ...................... [[32mPASS[0m in 1.32s]
[0m23:36:14.121209 [debug] [Thread-4 (]: Finished running node test.mimic_privacy.not_null_stg_lab_features_has_complete_labs.0a8850dc73
[0m23:36:14.121568 [debug] [Thread-4 (]: Began running node test.mimic_privacy.unique_stg_admissions_hadm_id.6dd816891b
[0m23:36:14.121938 [info ] [Thread-4 (]: 27 of 28 START test unique_stg_admissions_hadm_id .............................. [RUN]
[0m23:36:14.122374 [debug] [Thread-4 (]: Re-using an available connection from the pool (formerly test.mimic_privacy.not_null_stg_lab_features_has_complete_labs.0a8850dc73, now test.mimic_privacy.unique_stg_admissions_hadm_id.6dd816891b)
[0m23:36:14.122701 [debug] [Thread-4 (]: Began compiling node test.mimic_privacy.unique_stg_admissions_hadm_id.6dd816891b
[0m23:36:14.126596 [debug] [Thread-4 (]: Writing injected SQL for node "test.mimic_privacy.unique_stg_admissions_hadm_id.6dd816891b"
[0m23:36:14.127260 [debug] [Thread-4 (]: Began executing node test.mimic_privacy.unique_stg_admissions_hadm_id.6dd816891b
[0m23:36:14.129075 [debug] [Thread-4 (]: Writing runtime sql for node "test.mimic_privacy.unique_stg_admissions_hadm_id.6dd816891b"
[0m23:36:14.129700 [debug] [Thread-4 (]: On test.mimic_privacy.unique_stg_admissions_hadm_id.6dd816891b: /* {"app": "dbt", "dbt_version": "1.11.11", "profile_name": "mimic_privacy", "target_name": "dev", "node_id": "test.mimic_privacy.unique_stg_admissions_hadm_id.6dd816891b"} */

    
    select
      count(*) as failures,
      count(*) != 0 as should_warn,
      count(*) != 0 as should_error
    from (
      
    
  
    
    

with dbt_test__target as (

  select hadm_id as unique_field
  from `project-c29d8542-a733-449a-996`.`capstone_final_dataset_staging`.`stg_admissions`
  where hadm_id is not null

)

select
    unique_field,
    count(*) as n_records

from dbt_test__target
group by unique_field
having count(*) > 1



  
  
      
    ) dbt_internal_test
[0m23:36:14.130045 [debug] [Thread-4 (]: Opening a new connection, currently in state closed
[0m23:36:14.342658 [debug] [Thread-2 (]: BigQuery adapter: https://console.cloud.google.com/bigquery?project=project-c29d8542-a733-449a-996&j=bq:US:e957b06d-6695-4861-9094-24702f272c60&page=queryresults
[0m23:36:14.535709 [debug] [Thread-2 (]: SQL status: OK in 0.192 seconds
[0m23:36:14.538000 [debug] [Thread-3 (]: BigQuery adapter: https://console.cloud.google.com/bigquery?project=project-c29d8542-a733-449a-996&j=bq:US:7c33ce01-deda-489b-929b-5b5014418c30&page=queryresults
[0m23:36:14.749696 [debug] [Thread-3 (]: SQL status: OK in 0.211 seconds
[0m23:36:14.865561 [info ] [Thread-2 (]: 25 of 28 PASS not_null_stg_lab_features_subject_id ............................. [[32mPASS[0m in 1.34s]
[0m23:36:14.866524 [debug] [Thread-2 (]: Finished running node test.mimic_privacy.not_null_stg_lab_features_subject_id.900909f3cf
[0m23:36:14.867123 [debug] [Thread-2 (]: Began running node test.mimic_privacy.unique_stg_lab_features_hadm_id.bbe0b4b5d2
[0m23:36:14.867736 [info ] [Thread-2 (]: 28 of 28 START test unique_stg_lab_features_hadm_id ............................ [RUN]
[0m23:36:14.868414 [debug] [Thread-2 (]: Re-using an available connection from the pool (formerly test.mimic_privacy.not_null_stg_lab_features_subject_id.900909f3cf, now test.mimic_privacy.unique_stg_lab_features_hadm_id.bbe0b4b5d2)
[0m23:36:14.868943 [debug] [Thread-2 (]: Began compiling node test.mimic_privacy.unique_stg_lab_features_hadm_id.bbe0b4b5d2
[0m23:36:14.874575 [debug] [Thread-2 (]: Writing injected SQL for node "test.mimic_privacy.unique_stg_lab_features_hadm_id.bbe0b4b5d2"
[0m23:36:14.875484 [debug] [Thread-2 (]: Began executing node test.mimic_privacy.unique_stg_lab_features_hadm_id.bbe0b4b5d2
[0m23:36:14.884625 [debug] [Thread-2 (]: Writing runtime sql for node "test.mimic_privacy.unique_stg_lab_features_hadm_id.bbe0b4b5d2"
[0m23:36:14.885568 [debug] [Thread-2 (]: On test.mimic_privacy.unique_stg_lab_features_hadm_id.bbe0b4b5d2: /* {"app": "dbt", "dbt_version": "1.11.11", "profile_name": "mimic_privacy", "target_name": "dev", "node_id": "test.mimic_privacy.unique_stg_lab_features_hadm_id.bbe0b4b5d2"} */

    
    select
      count(*) as failures,
      count(*) != 0 as should_warn,
      count(*) != 0 as should_error
    from (
      
    
  
    
    

with dbt_test__target as (

  select hadm_id as unique_field
  from `project-c29d8542-a733-449a-996`.`capstone_final_dataset_staging`.`stg_lab_features`
  where hadm_id is not null

)

select
    unique_field,
    count(*) as n_records

from dbt_test__target
group by unique_field
having count(*) > 1



  
  
      
    ) dbt_internal_test
[0m23:36:14.886042 [debug] [Thread-2 (]: Opening a new connection, currently in state closed
[0m23:36:14.950999 [debug] [Thread-4 (]: BigQuery adapter: https://console.cloud.google.com/bigquery?project=project-c29d8542-a733-449a-996&j=bq:US:694267fa-8219-4d87-ae61-07ab27034ec7&page=queryresults
[0m23:36:15.086410 [info ] [Thread-3 (]: 26 of 28 PASS unique_mart_cohort_privacy_hadm_id ............................... [[32mPASS[0m in 1.14s]
[0m23:36:15.087434 [debug] [Thread-3 (]: Finished running node test.mimic_privacy.unique_mart_cohort_privacy_hadm_id.401b81d410
[0m23:36:15.151596 [debug] [Thread-4 (]: SQL status: OK in 0.200 seconds
[0m23:36:15.400752 [debug] [Thread-2 (]: BigQuery adapter: https://console.cloud.google.com/bigquery?project=project-c29d8542-a733-449a-996&j=bq:US:353c71cb-2c01-49d0-bcf8-c2e1b05bcccf&page=queryresults
[0m23:36:15.422098 [info ] [Thread-4 (]: 27 of 28 PASS unique_stg_admissions_hadm_id .................................... [[32mPASS[0m in 1.30s]
[0m23:36:15.423064 [debug] [Thread-4 (]: Finished running node test.mimic_privacy.unique_stg_admissions_hadm_id.6dd816891b
[0m23:36:15.615995 [debug] [Thread-2 (]: SQL status: OK in 0.214 seconds
[0m23:36:16.176590 [info ] [Thread-2 (]: 28 of 28 PASS unique_stg_lab_features_hadm_id .................................. [[32mPASS[0m in 1.31s]
[0m23:36:16.178425 [debug] [Thread-2 (]: Finished running node test.mimic_privacy.unique_stg_lab_features_hadm_id.bbe0b4b5d2
[0m23:36:26.869828 [debug] [Thread-1 (]: SQL status: OK in 18.939 seconds
[0m23:36:27.266842 [info ] [Thread-1 (]: 10 of 28 PASS not_null_mart_cohort_privacy_has_complete_labs ................... [[32mPASS[0m in 19.93s]
[0m23:36:27.268101 [debug] [Thread-1 (]: Finished running node test.mimic_privacy.not_null_mart_cohort_privacy_has_complete_labs.9499d6bc2e
[0m23:36:27.270449 [debug] [MainThread]: Opening a new connection, currently in state closed
[0m23:36:27.271258 [debug] [MainThread]: Connection 'master' was properly closed.
[0m23:36:27.271643 [debug] [MainThread]: Connection 'test.mimic_privacy.not_null_mart_cohort_privacy_has_complete_labs.9499d6bc2e' was properly closed.
[0m23:36:27.271974 [debug] [MainThread]: Connection 'test.mimic_privacy.unique_stg_lab_features_hadm_id.bbe0b4b5d2' was properly closed.
[0m23:36:27.272293 [debug] [MainThread]: Connection 'test.mimic_privacy.unique_mart_cohort_privacy_hadm_id.401b81d410' was properly closed.
[0m23:36:27.272602 [debug] [MainThread]: Connection 'test.mimic_privacy.unique_stg_admissions_hadm_id.6dd816891b' was properly closed.
[0m23:36:27.273065 [info ] [MainThread]: 
[0m23:36:27.273490 [info ] [MainThread]: Finished running 28 data tests in 0 hours 0 minutes and 24.16 seconds (24.16s).
[0m23:36:27.279902 [debug] [MainThread]: Command end result
[0m23:36:27.327325 [debug] [MainThread]: Wrote artifact WritableManifest to /Users/taitai/Thesis_MS/healthcare-privacy-ml/dbt/target/manifest.json
[0m23:36:27.329934 [debug] [MainThread]: Wrote artifact SemanticManifest to /Users/taitai/Thesis_MS/healthcare-privacy-ml/dbt/target/semantic_manifest.json
[0m23:36:27.335415 [debug] [MainThread]: Wrote artifact RunExecutionResult to /Users/taitai/Thesis_MS/healthcare-privacy-ml/dbt/target/run_results.json
[0m23:36:27.335645 [info ] [MainThread]: 
[0m23:36:27.335885 [info ] [MainThread]: [32mCompleted successfully[0m
[0m23:36:27.336086 [info ] [MainThread]: 
[0m23:36:27.336297 [info ] [MainThread]: Done. PASS=28 WARN=0 ERROR=0 SKIP=0 NO-OP=0 TOTAL=28
[0m23:36:27.336765 [warn ] [MainThread]: [[33mWARNING[0m][DeprecationsSummary]: Deprecated functionality
Summary of encountered deprecations:
- MissingArgumentsPropertyInGenericTestDeprecation: 7 occurrences
To see all deprecation instances instead of just the first occurrence of each,
run command again with the `--show-all-deprecations` flag. You may also need to
run with `--no-partial-parse` as some deprecations are only encountered during
parsing.
[0m23:36:27.339373 [debug] [MainThread]: Resource report: {"command_name": "test", "command_success": true, "command_wall_clock_time": 26.754126, "process_in_blocks": "0", "process_kernel_time": 0.49627, "process_mem_max_rss": "227524608", "process_out_blocks": "0", "process_user_time": 3.33319}
[0m23:36:27.339755 [debug] [MainThread]: Command `dbt test` succeeded at 23:36:27.339699 after 26.75 seconds
[0m23:36:27.340042 [debug] [MainThread]: Sending event: {'category': 'dbt', 'action': 'invocation', 'label': 'end', 'context': [<snowplow_tracker.self_describing_json.SelfDescribingJson object at 0x13ce8b5f0>, <snowplow_tracker.self_describing_json.SelfDescribingJson object at 0x1485dfe30>, <snowplow_tracker.self_describing_json.SelfDescribingJson object at 0x148597bb0>]}
[0m23:36:27.340266 [debug] [MainThread]: Flushing usage events
[0m23:36:27.630484 [debug] [MainThread]: An error was encountered while trying to flush usage events
